athlete,AID001,AID002,AID003,AID005,AID006,AID007,AID008,AID009,AID010,AID011,AID012,AID013,AID014,AID015,AID016,AID017,AID018,AID019,AID020,AID021,AID022,AID023,AID024,AID025,AID026,AID027,AID028,AID029,AID030,AID031,AID032,AID033,AID034,AID035,AID036,AID037,AID038,AID039,AID040,AID041,AID043,AID044,AID045,AID046,AID047,AID048,AID049,AID050,AID051,AID052,AID053,AID054,AID056,AID057,AID058,AID060,AID061,AID062,AID063,AID064,AID065,AID066,AID067,AID068,AID069,AID070,AID071,AID072,AID073,AID074,AID075,AID076,AID077,AID078,AID079,AID080,AID081,AID082,AID083,AID084,AID085,AID086,AID087,AID088,AID089,AID090,AID091,AID092,AID093,AID094,AID095,AID096,AID097,AID098,AID100,AID101,AID102,AID103,AID104,AID105,AID106,AID107,AID109,AID110,AID111,AID112,AID113,AID114,AID115,AID116,AID117,AID118,AID119,AID120,AID121,AID122,AID123,AID124,AID125,AID126,AID127,AID128,AID130,AID131,AID132,AID133,AID134,AID135,AID136,AID137,AID138,AID139,AID140,AID141,AID142,AID143,AID144,AID145,AID146,AID147,AID148,AID149,AID150,AID151,AID152,AID153,AID154,AID155,AID156,AID157,AID158,AID159,AID160,AID161,AID162,AID163,AID164,AID165,AID166,AID167,AID168,AID169,AID170,AID171,AID172,AID173,AID174,AID175,AID176,AID177,AID178,AID179,AID180,AID181,AID182,AID183,AID184,AID185,AID186,AID187,AID188,AID189,AID190
AID001,0,0.755,1,1,1,1,0,1,1,1,0.99,1,0.7,1,0,0.68,1,0.06,0.995,0.83,1,0.495,1,0.065,1,1,0,1,0,1,1,0,1,0,0,1,1,1,0.095,0.295,1,0,1,1,0.98,1,0,0.63,0.99,1,1,1,1,1,1,0.9,1,1,1,0.02,0.105,1,1,1,0.305,0.855,0,1,1,1,1,1,0,1,0.995,1,1,0.085,1,0.725,0.225,1,0.91,1,1,0,1,0,0,0,1,0,1,1,1,1,1,0,0,0.025,1,1,1,1,1,0,1,1,0.01,1,1,0.02,0,1,1,0.77,1,1,1,1,1,1,1,0.85,1,0,1,0.49,1,1,0.805,1,1,1,1,1,0.86,1,0,1,1,1,0.975,1,0,1,1,1,1,1,1,0.025,0.31,1,1,1,1,0,1,1,0,0,0.965,1,0.415,1,1,1,1,1,0.195,1,1,1,1,0,0.99,0,0.92,0.93,1,1,1
AID002,0.245,0,1,1,0.985,0.995,0,1,1,1,0.88,1,0.54,1,0,0.485,1,0.025,0.945,0.67,1,0.395,1,0.02,1,1,0,1,0,1,1,0,1,0,0,1,1,1,0.05,0.175,1,0,1,1,0.825,1,0,0.485,0.905,1,1,1,1,0.995,1,0.7,1,1,1,0.01,0.065,1,1,1,0.17,0.81,0,1,1,1,1,1,0,1,0.98,1,1,0.035,1,0.53,0.105,1,0.85,1,1,0,0.99,0,0,0,1,0,1,1,1,1,1,0,0,0,1,1,0.995,1,1,0,1,1,0.005,1,1,0,0,1,1,0.64,1,1,1,1,1,1,1,0.75,1,0,1,0.315,1,1,0.74,1,1,1,1,1,0.7,1,0,1,1,1,0.855,1,0,1,1,1,1,1,1,0.005,0.11,1,1,1,1,0,1,0.995,0,0,0.895,1,0.18,1,1,1,0.995,0.99,0.1,0.985,1,0.95,1,0.005,0.965,0,0.715,0.82,1,1,1
AID003,0,0,0,0.995,0.015,0,0,0.43,1,0.995,0,0.97,0,0.46,0,0,0.325,0,0,0,1,0,1,0,0.995,1,0,1,0,0.9,0.665,0,1,0,0,0.655,0.48,1,0,0,1,0,0.88,0.08,0,0.795,0,0,0.01,0.99,0.28,0.865,0.72,0,1,0,1,1,0.59,0,0,1,0.99,0.725,0,0,0,0.99,0.01,0.44,0.85,1,0,1,0,1,0.765,0,1,0,0,1,0.025,1,0.77,0,0,0,0,0,0.935,0,0.83,0.16,0.975,0.03,0.48,0,0,0,0.3,1,0,1,0.35,0,1,0.245,0,0.905,1,0,0,0.89,0.905,0,0.98,1,0.945,1,1,0.39,0.84,0.025,1,0,0.34,0,0.07,0.5,0.035,1,0.93,1,0.29,0.73,0,0.85,0,1,1,1,0,1,0,0.59,1,0.99,1,1,1,0,0,0.185,0.09,1,1,0,1,0.225,0,0,0.005,0.38,0,1,0.105,0.91,0,0.08,0,0.005,0.165,0,0.11,0,0.06,0,0,0,1,0.975,0.145
AID005,0,0,0.005,0,0,0,0,0.005,1,0.58,0,0.2,0,0.01,0,0,0.015,0,0,0,1,0,1,0,0.495,0.955,0,0.95,0,0.13,0.04,0,1,0,0,0.005,0.01,1,0,0,1,0,0.04,0,0,0.02,0,0,0,0.78,0,0.335,0.06,0,0.965,0,0.925,1,0.005,0,0,0.965,0.455,0.005,0,0,0,0.5,0,0.005,0.04,0.99,0,1,0,0.825,0.05,0,1,0,0,1,0,0.995,0.02,0,0,0,0,0,0.07,0,0.075,0,0.28,0,0.01,0,0,0,0,1,0,1,0,0,0.855,0.005,0,0.155,1,0,0,0.09,0.305,0,0.625,0.98,0.095,0.7,0.94,0.015,0.085,0,1,0,0.005,0,0,0.01,0.005,0.865,0.09,0.955,0.005,0.04,0,0.05,0,0.81,0.305,0.97,0,1,0,0.01,0.995,0.685,1,0.385,0.49,0,0,0,0,1,0.68,0,0.99,0.01,0,0,0,0,0,0.965,0,0.045,0,0,0,0,0.01,0,0,0,0,0,0,0,1,0.4,0
AID006,0,0.015,0.985,1,0,0.23,0,0.975,1,1,0.1,1,0.03,0.985,0,0.045,0.9,0,0.13,0.14,1,0.025,1,0,1,1,0,1,0,1,0.985,0,1,0,0,1,0.995,1,0,0,1,0,1,0.76,0.045,1,0,0.045,0.275,1,0.905,0.975,0.985,0.415,1,0.04,1,1,0.985,0,0,1,1,1,0.005,0.21,0,1,0.48,0.975,1,1,0,1,0.15,1,0.995,0,1,0.02,0,1,0.36,1,1,0,0.385,0,0,0,1,0,0.995,0.965,1,0.665,0.97,0,0,0,0.91,1,0.415,1,0.96,0,1,0.915,0,1,1,0,0,1,0.995,0.11,1,1,1,1,1,0.97,1,0.335,1,0,0.99,0.005,0.81,1,0.28,1,1,1,0.905,0.995,0.025,1,0,1,1,1,0.085,1,0,0.995,1,1,1,1,1,0,0,0.91,0.875,1,1,0,1,0.84,0,0,0.25,0.945,0,1,0.895,1,0.545,0.63,0,0.35,0.74,0.105,0.725,0,0.5,0,0.01,0.11,1,1,0.93
AID007,0,0.005,1,1,0.77,0,0,1,1,1,0.14,1,0.055,1,0,0.04,0.99,0,0.19,0.195,1,0.045,1,0,1,1,0,1,0,1,1,0,1,0,0,1,1,1,0,0,1,0,1,0.995,0,1,0,0.055,0.425,1,0.995,1,1,0.815,1,0.01,1,1,1,0,0,1,1,1,0,0.26,0,1,0.795,1,1,1,0,1,0.23,1,1,0,1,0.005,0,1,0.48,1,1,0,0.68,0,0,0,1,0,1,1,1,0.98,1,0,0,0,1,1,0.685,1,0.995,0,1,0.995,0,1,1,0,0,1,1,0.135,1,1,1,1,1,1,1,0.42,1,0,1,0,0.99,1,0.43,1,1,1,0.995,1,0.03,1,0,1,1,1,0.055,1,0,1,1,1,1,1,1,0,0,1,1,1,1,0,1,0.955,0,0,0.32,0.995,0,1,0.99,1,0.805,0.845,0,0.605,0.975,0.11,0.93,0,0.68,0,0,0.075,1,1,1
AID008,1,1,1,1,1,1,0,1,1,1,1,1,1,1,0,1,1,0.915,1,1,1,0.99,1,0.98,1,1,0,1,0,1,1,0.685,1,0.02,0.385,1,1,1,0.525,0.99,1,0.115,1,1,1,1,0,0.985,1,1,1,1,1,1,1,1,1,1,1,0.75,0.765,1,1,1,1,1,0,1,1,1,1,1,0.02,1,1,1,1,0.945,1,1,0.995,1,1,1,1,0,1,0.405,0,0,1,0.04,1,1,1,1,1,0.15,0,0.995,1,1,1,1,1,0.135,1,1,0.495,1,1,0.82,0,1,1,1,1,1,1,1,1,1,1,0.995,1,0,1,1,1,1,0.975,1,1,1,1,1,1,1,0,1,1,1,1,1,0,1,1,1,1,1,1,0.75,1,1,1,1,1,0.585,1,1,0,0,1,1,1,1,1,1,1,1,0.99,1,1,1,1,0.505,1,0.06,1,1,1,1,1
AID009,0,0,0.57,0.995,0.025,0,0,0,1,1,0,0.995,0,0.505,0,0,0.395,0,0,0,1,0,1,0,0.995,1,0,1,0,0.925,0.735,0,1,0,0,0.71,0.47,1,0,0,1,0,0.915,0.09,0,0.81,0,0,0.01,1,0.395,0.89,0.785,0.01,1,0,1,1,0.595,0,0,1,0.985,0.795,0,0,0,0.985,0.01,0.495,0.885,1,0,1,0.005,1,0.765,0,1,0,0,1,0.06,1,0.8,0,0.015,0,0,0,0.965,0,0.85,0.195,0.975,0.015,0.55,0,0,0,0.36,1,0.015,1,0.41,0,1,0.3,0,0.935,1,0,0,0.89,0.9,0,0.985,1,0.945,1,1,0.465,0.835,0.015,1,0,0.395,0,0.07,0.53,0.025,1,0.925,1,0.31,0.79,0,0.87,0,1,1,1,0,1,0,0.64,1,0.995,1,0.99,1,0,0,0.21,0.1,1,1,0,1,0.235,0,0,0.005,0.425,0,1,0.125,0.965,0.01,0.065,0,0.005,0.165,0,0.125,0,0.075,0,0,0,1,0.99,0.155
AID010,0,0,0,0,0,0,0,0,0,0,0,0,0,0,0,0,0,0,0,0,0.99,0,0.42,0,0.015,0.14,0,0.14,0,0,0,0,0.38,0,0,0,0,0.745,0,0,0.805,0,0,0,0,0,0,0,0,0.13,0,0.015,0,0,0.02,0,0.185,0.55,0,0,0,0.32,0,0,0,0,0,0.005,0,0,0,0.31,0,0.985,0,0.015,0,0,0.995,0,0,1,0,0.17,0,0,0,0,0,0,0,0,0,0,0,0,0,0,0,0,0,1,0,1,0,0,0.045,0,0,0,0.595,0,0,0,0,0,0.09,0.21,0,0,0.05,0,0,0,0.995,0,0,0,0,0,0,0.035,0,0.065,0,0,0,0,0,0,0,0.065,0,1,0,0,0.125,0.07,0.995,0,0,0,0,0,0,0.995,0.01,0,0.335,0,0,0,0,0,0,0.03,0,0,0,0,0,0,0,0,0,0,0,0,0,0,0.345,0,0
AID011,0,0,0.005,0.42,0,0,0,0,1,0,0,0.11,0,0,0,0,0,0,0,0,1,0,1,0,0.39,0.955,0,0.99,0,0.125,0.01,0,0.995,0,0,0,0,1,0,0,1,0,0,0,0,0,0,0,0,0.825,0,0.305,0.04,0,0.97,0,0.935,0.995,0,0,0,0.97,0.35,0,0,0,0,0.425,0,0,0,0.98,0,1,0,0.805,0.03,0,1,0,0,1,0,1,0.005,0,0,0,0,0,0.01,0,0.05,0,0.205,0,0,0,0,0,0,1,0,1,0,0,0.84,0,0,0.095,1,0,0,0.05,0.21,0,0.595,0.985,0.02,0.62,0.96,0.005,0.025,0,1,0,0,0,0,0,0,0.85,0.05,0.945,0,0.005,0,0,0,0.78,0.18,0.965,0,1,0,0.01,1,0.64,1,0.27,0.395,0,0,0,0,1,0.65,0,0.995,0,0,0,0,0,0,0.94,0,0.025,0,0,0,0,0,0,0,0,0,0,0,0,1,0.31,0
AID012,0.01,0.12,1,1,0.9,0.86,0,1,1,1,0,1,0.19,1,0,0.205,1,0,0.625,0.425,1,0.15,1,0,1,1,0,1,0,1,1,0,1,0,0,1,1,1,0.005,0,1,0,1,0.99,0.275,1,0,0.235,0.68,1,1,1,1,0.94,1,0.305,1,1,1,0,0,1,1,1,0.025,0.49,0,1,0.935,1,1,1,0,1,0.66,1,1,0.005,1,0.08,0.005,1,0.62,1,1,0,0.835,0,0,0,1,0,1,1,1,0.995,1,0,0,0,1,1,0.855,1,1,0,1,1,0,1,1,0,0,1,1,0.34,1,1,1,1,1,1,1,0.58,1,0,1,0.03,0.995,1,0.56,1,1,1,0.995,1,0.205,1,0,1,1,1,0.41,1,0,1,1,1,1,1,1,0,0,1,1,1,1,0,1,0.995,0,0,0.595,1,0.01,1,0.995,1,0.945,0.975,0.005,0.84,0.965,0.57,0.985,0,0.825,0,0.25,0.425,1,1,1
AID013,0,0,0.03,0.8,0,0,0,0.005,1,0.89,0,0,0,0.01,0,0,0.015,0,0,0,1,0,1,0,0.785,1,0,1,0,0.375,0.105,0,1,0,0,0.01,0.01,1,0,0,1,0,0.16,0,0,0.075,0,0,0,0.96,0.005,0.605,0.21,0,1,0,1,1,0.05,0,0,1,0.765,0.02,0,0,0,0.8,0,0.03,0.125,1,0,1,0,1,0.175,0,1,0,0,1,0,1,0.08,0,0,0,0,0,0.245,0,0.215,0,0.625,0,0.02,0,0,0,0.01,1,0,1,0.005,0,0.985,0.005,0,0.335,1,0,0,0.24,0.6,0,0.83,1,0.325,0.95,1,0.015,0.205,0,1,0,0,0,0,0.005,0,0.985,0.305,1,0,0.09,0,0.08,0,1,0.775,1,0,1,0,0.08,1,0.86,1,0.72,0.855,0,0,0,0,1,0.945,0,1,0.005,0,0,0,0.01,0,1,0,0.19,0,0,0,0,0.005,0,0,0,0,0,0,0,1,0.68,0
AID014,0.3,0.46,1,1,0.97,0.945,0,1,1,1,0.81,1,0,1,0,0.44,1,0.035,0.88,0.675,1,0.375,1,0.025,1,1,0,1,0,1,1,0,1,0,0,1,1,1,0.075,0.175,1,0,1,1,0.7,1,0,0.46,0.87,1,0.995,1,1,0.975,1,0.65,1,1,1,0.01,0.055,1,1,1,0.16,0.74,0,1,0.955,1,1,1,0,1,0.88,1,1,0.045,1,0.42,0.14,1,0.81,1,1,0,0.95,0,0,0,1,0,1,1,1,1,1,0,0,0.035,1,1,0.965,1,1,0,1,1,0.005,1,1,0.025,0,1,1,0.585,1,1,1,1,1,1,1,0.73,1,0,1,0.25,0.995,1,0.715,1,1,1,1,1,0.605,1,0,1,1,1,0.715,1,0,1,1,1,1,1,1,0.02,0.17,1,1,1,1,0,1,0.995,0,0,0.865,1,0.215,1,1,1,0.975,0.985,0.085,0.915,0.985,0.87,0.985,0.005,0.91,0,0.65,0.71,1,1,1
AID015,0,0,0.54,0.99,0.015,0,0,0.495,1,1,0,0.99,0,0,0,0,0.375,0,0,0,1,0,1,0,1,1,0,1,0,0.935,0.745,0,1,0,0,0.725,0.51,1,0,0,1,0,0.945,0.045,0,0.86,0,0,0.005,1,0.28,0.875,0.78,0,1,0,1,1,0.63,0,0,1,0.995,0.8,0,0,0,0.995,0.005,0.48,0.91,1,0,1,0,1,0.805,0,1,0,0,1,0.05,1,0.82,0,0.005,0,0,0,0.985,0,0.87,0.175,0.985,0,0.56,0,0,0,0.33,1,0,1,0.415,0,1,0.285,0,0.955,1,0,0,0.915,0.935,0,0.985,1,0.985,1,1,0.475,0.87,0.025,1,0,0.355,0,0.055,0.56,0.02,1,0.945,1,0.355,0.815,0,0.885,0,1,1,1,0,1,0,0.625,1,0.99,1,1,1,0,0,0.21,0.08,1,1,0,1,0.225,0,0,0,0.395,0,1,0.12,0.98,0.01,0.06,0,0,0.165,0,0.095,0,0.06,0,0,0,1,0.995,0.125
AID016,1,1,1,1,1,1,1,1,1,1,1,1,1,1,0,1,1,1,1,1,1,1,1,1,1,1,0.625,1,0.99,1,1,1,1,1,1,1,1,1,1,1,1,1,1,1,1,1,0.015,1,1,1,1,1,1,1,1,1,1,1,1,1,1,1,1,1,1,1,0.98,1,1,1,1,1,1,1,1,1,1,1,1,1,1,1,1,1,1,0.915,1,1,0.945,0.925,1,1,1,1,1,1,1,1,1,1,1,1,1,1,1,1,1,1,1,1,1,1,1,1,1,1,1,1,1,1,1,1,1,1,1,0.185,1,1,1,1,1,1,1,1,1,1,1,1,0.425,1,1,1,1,1,0.995,1,1,1,1,1,1,1,1,1,1,1,1,1,1,1,0.435,0.98,1,1,1,1,1,1,1,1,1,1,1,1,1,1,1,1,1,1,1,1,1
AID017,0.32,0.515,1,1,0.955,0.96,0,1,1,1,0.795,1,0.56,1,0,0,1,0.085,0.86,0.67,1,0.38,1,0.085,1,1,0,1,0,1,1,0.005,1,0,0,1,1,1,0.075,0.205,1,0,1,1,0.73,1,0,0.495,0.875,1,1,1,1,0.98,1,0.67,1,1,1,0.015,0.075,1,1,1,0.22,0.755,0,1,0.96,1,1,1,0,1,0.905,1,1,0.085,1,0.52,0.2,1,0.835,1,1,0,0.935,0,0,0,1,0,1,1,1,0.995,1,0,0,0.065,1,1,0.955,1,1,0,1,1,0.015,1,1,0.02,0,1,1,0.64,1,1,1,1,1,1,1,0.745,1,0,1,0.32,1,1,0.745,1,1,1,1,1,0.605,1,0,1,1,1,0.78,1,0,1,1,1,1,1,1,0.01,0.22,1,1,1,1,0,1,0.99,0,0,0.83,1,0.265,1,1,1,0.98,0.98,0.11,0.915,1,0.855,0.99,0.005,0.94,0,0.685,0.77,1,1,1
AID018,0,0,0.675,0.985,0.1,0.01,0,0.605,1,1,0,0.985,0,0.625,0,0,0,0,0,0.02,1,0.005,1,0,1,1,0,1,0,0.965,0.795,0,1,0,0,0.805,0.655,1,0,0,1,0,0.905,0.21,0,0.825,0,0,0.045,1,0.55,0.93,0.805,0.05,1,0,1,1,0.7,0,0,1,0.99,0.84,0,0.065,0,0.985,0.065,0.61,0.91,1,0,1,0,1,0.845,0,1,0,0,1,0.08,1,0.88,0,0.035,0,0,0,0.965,0,0.905,0.345,0.99,0.16,0.655,0,0,0,0.44,1,0.035,1,0.575,0,1,0.44,0,0.945,1,0,0,0.945,0.94,0.01,0.99,1,0.98,0.995,1,0.61,0.925,0.065,1,0,0.57,0,0.255,0.7,0.11,1,0.975,1,0.475,0.87,0,0.88,0,1,1,1,0,1,0,0.75,1,0.985,1,0.99,0.99,0,0,0.4,0.285,1,1,0,1,0.375,0,0,0.01,0.59,0,1,0.305,0.94,0.07,0.155,0,0.035,0.285,0,0.2,0,0.115,0,0,0,1,0.99,0.315
AID019,0.94,0.975,1,1,1,1,0.085,1,1,1,1,1,0.965,1,0,0.915,1,0,1,0.95,1,0.835,1,0.675,1,1,0,1,0,1,1,0.15,1,0,0.09,1,1,1,0.295,0.81,1,0,1,1,1,1,0,0.905,1,1,1,1,1,1,1,0.985,1,1,1,0.315,0.415,1,1,1,0.79,0.98,0,1,1,1,1,1,0,1,1,1,1,0.57,1,0.975,0.85,1,0.985,1,1,0,1,0.06,0,0,1,0,1,1,1,1,1,0,0,0.74,1,1,1,1,1,0.01,1,1,0.16,1,1,0.37,0,1,1,0.96,1,1,1,1,1,1,1,0.975,1,0,1,0.875,1,1,0.93,1,1,1,1,1,0.99,1,0,1,1,1,1,1,0,1,1,1,1,1,1,0.305,0.885,1,1,1,1,0.105,1,1,0,0,0.985,1,0.91,1,1,1,1,1,0.755,1,1,1,1,0.13,0.995,0,0.995,0.995,1,1,1
AID020,0.005,0.055,1,1,0.87,0.81,0,1,1,1,0.375,1,0.12,1,0,0.14,1,0,0,0.355,1,0.12,1,0,1,1,0,1,0,1,1,0,1,0,0,1,1,1,0,0,1,0,1,0.985,0.05,1,0,0.165,0.585,1,1,1,1,0.945,1,0.17,1,1,1,0,0,1,1,1,0.015,0.44,0,1,0.88,1,1,1,0,1,0.57,1,1,0,1,0.01,0,1,0.58,1,1,0,0.845,0,0,0,1,0,1,1,1,0.995,1,0,0,0,1,1,0.815,1,1,0,1,1,0,1,1,0,0,1,1,0.305,1,1,1,1,1,1,1,0.505,1,0,1,0.01,1,1,0.55,1,1,1,0.995,1,0.095,1,0,1,1,1,0.26,1,0,1,1,1,1,1,1,0,0,1,1,1,1,0,1,0.98,0,0,0.52,1,0.01,1,1,1,0.92,0.94,0.005,0.795,0.975,0.455,0.99,0,0.805,0,0.115,0.25,1,1,1
AID021,0.17,0.33,1,1,0.86,0.805,0,1,1,1,0.575,1,0.325,1,0,0.33,0.98,0.05,0.645,0,1,0.27,1,0.045,1,1,0,1,0,1,1,0,1,0,0,1,1,1,0.04,0.135,1,0,1,0.97,0.455,1,0,0.36,0.725,1,1,1,1,0.865,1,0.47,1,1,1,0.015,0.025,1,1,1,0.11,0.605,0,1,0.89,1,1,1,0,1,0.695,1,1,0.04,1,0.27,0.095,1,0.685,1,1,0,0.83,0,0,0,1,0,1,1,1,0.95,0.995,0,0,0.055,0.99,1,0.85,1,1,0,1,1,0.005,1,1,0.02,0,1,1,0.45,1,1,1,1,1,1,1,0.625,1,0,1,0.195,0.98,1,0.63,1,1,1,0.99,1,0.415,1,0,1,1,1,0.52,1,0,1,1,1,1,1,1,0.02,0.125,0.995,1,1,1,0,1,0.97,0,0,0.645,1,0.16,1,0.995,1,0.89,0.895,0.085,0.82,0.955,0.635,0.955,0.005,0.81,0,0.41,0.525,1,1,0.995
AID022,0,0,0,0,0,0,0,0,0.01,0,0,0,0,0,0,0,0,0,0,0,0,0,0,0,0,0,0,0,0,0,0,0,0,0,0,0,0,0.12,0,0,0.06,0,0,0,0,0,0,0,0,0,0,0,0,0,0,0,0,0,0,0,0,0.005,0,0,0,0,0,0,0,0,0,0,0,0.565,0,0,0,0,0.36,0,0,1,0,0,0,0,0,0,0,0,0,0,0,0,0,0,0,0,0,0,0,0.855,0,0.805,0,0,0,0,0,0,0.025,0,0,0,0,0,0,0,0,0,0,0,0,0,0.695,0,0,0,0,0,0,0,0,0,0,0,0,0,0,0,0,0,0,0.995,0,0,0,0,0.34,0,0,0,0,0,0,0.67,0,0,0,0,0,0,0,0,0,0,0,0,0,0,0,0,0,0,0,0,0,0,0,0,0,0,0
AID023,0.505,0.605,1,1,0.975,0.955,0.01,1,1,1,0.85,1,0.625,1,0,0.62,0.995,0.165,0.88,0.73,1,0,1,0.19,1,1,0,1,0,1,1,0.03,1,0,0.02,1,1,1,0.135,0.355,1,0,1,1,0.795,1,0,0.58,0.88,1,1,1,1,0.99,1,0.78,1,1,1,0.065,0.135,1,1,1,0.325,0.79,0,1,0.985,1,1,1,0,1,0.925,1,1,0.185,1,0.635,0.3,1,0.835,1,1,0,0.95,0.005,0,0,1,0,1,1,1,1,1,0,0,0.21,1,1,0.975,1,1,0,1,1,0.04,1,1,0.1,0,1,1,0.69,1,1,1,1,1,1,1,0.76,1,0,1,0.46,0.995,1,0.78,1,1,1,1,1,0.675,1,0,1,1,1,0.815,1,0,1,1,1,1,1,1,0.12,0.34,1,1,1,1,0.015,1,1,0,0,0.88,1,0.365,1,0.995,1,0.98,0.98,0.235,0.95,0.995,0.86,0.995,0.045,0.95,0,0.735,0.825,1,1,1
AID024,0,0,0,0,0,0,0,0,0.58,0,0,0,0,0,0,0,0,0,0,0,1,0,0,0,0.005,0.065,0,0.08,0,0,0,0,0.37,0,0,0,0,0.79,0,0,0.89,0,0,0,0,0,0,0,0,0.11,0,0,0,0,0,0,0.18,0.605,0,0,0,0.36,0,0,0,0,0,0,0,0,0,0.245,0,1,0,0,0,0,1,0,0,1,0,0.075,0,0,0,0,0,0,0,0,0,0,0,0,0,0,0,0,0,1,0,1,0,0,0.005,0,0,0,0.68,0,0,0,0,0,0.11,0.195,0,0,0,0,0,0,1,0,0,0,0,0,0,0.01,0,0.015,0,0,0,0,0,0,0,0,0,1,0,0,0.015,0.065,1,0,0,0,0,0,0,1,0.005,0,0.29,0,0,0,0,0,0,0,0,0,0,0,0,0,0,0,0,0,0,0,0,0,0.315,0,0
AID025,0.935,0.98,1,1,1,1,0.02,1,1,1,1,1,0.975,1,0,0.915,1,0.325,1,0.955,1,0.81,1,0,1,1,0,1,0,1,1,0.08,1,0,0,1,1,1,0.215,0.71,1,0,1,1,1,1,0,0.86,1,1,1,1,1,1,1,0.995,1,1,1,0.195,0.28,1,1,1,0.68,0.97,0,1,1,1,1,1,0,1,1,1,1,0.41,1,0.99,0.76,1,0.995,1,1,0,1,0.015,0,0,1,0,1,1,1,1,1,0,0,0.555,1,1,1,1,1,0,1,1,0.085,1,1,0.23,0,1,1,0.935,1,1,1,1,1,1,1,0.935,1,0,1,0.875,1,1,0.905,1,1,1,1,1,0.99,1,0,1,1,1,1,1,0,1,1,1,1,1,1,0.22,0.83,1,1,1,1,0.015,1,1,0,0,1,1,0.89,1,1,1,1,1,0.615,1,1,1,1,0.085,1,0,1,0.995,1,1,1
AID026,0,0,0.005,0.505,0,0,0,0.005,0.985,0.61,0,0.215,0,0,0,0,0,0,0,0,1,0,0.995,0,0,0.925,0,0.96,0,0.205,0.065,0,0.995,0,0,0.005,0,0.995,0,0,1,0,0.04,0,0,0.015,0,0,0,0.835,0,0.415,0.125,0,0.95,0,0.925,1,0.015,0,0,0.945,0.475,0,0,0,0,0.48,0,0.025,0.04,0.98,0,1,0,0.83,0.06,0,1,0,0,1,0,0.975,0.025,0,0,0,0,0,0.085,0,0.1,0,0.325,0,0,0,0,0,0.005,1,0,1,0.005,0,0.875,0.005,0,0.16,0.995,0,0,0.1,0.355,0,0.62,0.965,0.09,0.7,0.92,0,0.115,0,1,0,0,0,0,0,0,0.86,0.095,0.93,0.005,0.035,0,0.06,0,0.815,0.34,0.94,0,1,0,0.015,0.985,0.71,1,0.385,0.525,0,0,0,0,1,0.715,0,0.985,0,0,0,0,0,0,0.91,0,0.075,0,0,0,0,0.005,0,0,0,0,0,0,0,0.995,0.395,0
AID027,0,0,0,0.045,0,0,0,0,0.86,0.045,0,0,0,0,0,0,0,0,0,0,1,0,0.935,0,0.075,0,0,0.46,0,0,0,0,0.8,0,0,0,0,0.93,0,0,0.985,0,0,0,0,0,0,0,0,0.365,0,0.05,0,0,0.28,0,0.52,0.925,0,0,0,0.68,0.02,0,0,0,0,0.05,0,0,0,0.66,0,1,0,0.11,0,0,1,0,0,1,0,0.605,0,0,0,0,0,0,0,0,0,0,0.005,0,0,0,0,0,0,1,0,1,0,0,0.26,0,0,0,0.89,0,0,0,0.015,0,0.24,0.635,0,0.095,0.31,0,0,0,1,0,0,0,0,0,0,0.22,0,0.365,0,0,0,0,0,0.085,0,0.34,0,1,0,0,0.585,0.185,1,0.02,0.045,0,0,0,0,1,0.115,0,0.74,0,0,0,0,0,0,0.23,0,0,0,0,0,0,0,0,0,0,0,0,0,0,0.79,0.02,0
AID028,1,1,1,1,1,1,1,1,1,1,1,1,1,1,0.375,1,1,1,1,1,1,1,1,1,1,1,0,1,0.835,1,1,1,1,1,1,1,1,1,1,1,1,1,1,1,1,1,0.09,1,1,1,1,1,1,1,1,1,1,1,1,1,1,1,1,1,1,1,0.845,1,1,1,1,1,1,1,1,1,1,1,1,1,1,1,1,1,1,0.71,1,1,0.645,0.675,1,1,1,1,1,1,1,1,0.94,1,1,1,1,1,1,1,1,1,1,1,1,1,0.985,1,1,1,1,1,1,1,1,1,1,1,1,0.205,1,1,1,1,1,1,1,1,1,1,1,1,0.365,1,1,1,1,1,0.835,1,1,1,1,1,1,1,1,1,1,1,1,1,1,1,0.4,0.86,1,1,1,1,1,1,1,1,1,1,1,1,1,1,1,1,1,1,1,1,1
AID029,0,0,0,0.05,0,0,0,0,0.86,0.01,0,0,0,0,0,0,0,0,0,0,1,0,0.92,0,0.04,0.54,0,0,0,0,0,0,0.875,0,0,0,0,0.915,0,0,0.995,0,0,0,0,0,0,0,0,0.375,0,0.06,0,0,0.38,0,0.565,0.935,0,0,0,0.69,0.02,0,0,0,0,0.07,0,0,0,0.715,0,1,0,0.145,0,0,1,0,0,1,0,0.68,0,0,0,0,0,0,0,0,0.005,0,0.01,0,0,0,0,0,0,1,0,1,0,0,0.315,0,0,0,0.915,0,0,0,0.015,0,0.245,0.65,0,0.155,0.38,0,0,0,1,0,0,0,0,0,0,0.26,0,0.42,0,0,0,0,0,0.1,0,0.475,0,1,0,0,0.665,0.245,1,0.015,0.015,0,0,0,0,1,0.15,0,0.735,0,0,0,0,0,0,0.35,0,0,0,0,0,0,0,0,0,0,0,0,0,0,0.83,0.01,0
AID030,1,1,1,1,1,1,1,1,1,1,1,1,1,1,0.01,1,1,1,1,1,1,1,1,1,1,1,0.165,1,0,1,1,1,1,0.99,0.995,1,1,1,0.995,1,1,1,1,1,1,1,0,1,1,1,1,1,1,1,1,1,1,1,1,1,1,1,1,1,1,1,0.59,1,1,1,1,1,0.99,1,1,1,1,1,1,1,1,1,1,1,1,0.285,1,1,0.195,0.25,1,1,1,1,1,1,1,1,0.82,1,1,1,1,1,1,1,1,1,0.995,1,1,1,0.895,1,1,1,1,1,1,1,1,1,1,1,1,0.005,1,1,1,1,1,1,1,1,1,1,1,1,0.025,1,1,1,1,1,0.53,1,1,1,1,1,1,1,1,1,1,1,1,1,1,1,0.09,0.565,1,1,1,1,1,1,1,1,1,1,1,1,1,1,1,1,1,1,1,1,1
AID031,0,0,0.1,0.87,0,0,0,0.075,1,0.875,0,0.625,0,0.065,0,0,0.035,0,0,0,1,0,1,0,0.795,1,0,1,0,0,0.215,0,1,0,0,0.095,0.08,1,0,0,1,0,0.29,0,0,0.195,0,0,0,0.955,0.06,0.64,0.32,0,1,0,0.995,1,0.125,0,0,1,0.855,0.13,0,0,0,0.83,0,0.095,0.26,1,0,1,0,1,0.35,0,1,0,0,1,0,1,0.22,0,0,0,0,0,0.4,0,0.355,0.01,0.69,0,0.115,0,0,0,0.025,1,0,1,0.05,0,0.99,0.055,0,0.525,1,0,0,0.385,0.625,0,0.81,1,0.475,0.945,1,0.09,0.335,0,1,0,0.045,0,0,0.095,0,0.99,0.4,1,0.03,0.235,0,0.24,0,1,0.81,1,0,1,0,0.175,1,0.895,1,0.75,0.87,0,0,0.015,0,1,0.93,0,1,0.06,0,0,0,0.08,0,1,0.015,0.38,0,0,0,0,0.02,0,0.015,0,0.015,0,0,0,1,0.745,0.01
AID032,0,0,0.335,0.96,0.015,0,0,0.265,1,0.99,0,0.895,0,0.255,0,0,0.205,0,0,0,1,0,1,0,0.935,1,0,1,0,0.785,0,0,1,0,0,0.395,0.265,1,0,0,1,0,0.7,0.025,0,0.56,0,0,0,0.975,0.16,0.79,0.555,0,1,0,1,1,0.345,0,0,1,0.96,0.445,0,0,0,0.93,0,0.27,0.66,1,0,1,0,0.995,0.58,0,1,0,0,1,0.025,1,0.55,0,0,0,0,0,0.75,0,0.625,0.085,0.89,0.01,0.335,0,0,0,0.195,1,0,1,0.235,0,1,0.17,0,0.765,1,0,0,0.695,0.785,0,0.94,1,0.795,0.995,1,0.255,0.625,0.02,1,0,0.18,0,0.04,0.33,0.02,1,0.715,1,0.19,0.495,0,0.585,0,1,0.95,1,0,1,0,0.395,1,0.95,1,0.915,0.97,0,0,0.11,0.04,1,0.99,0,1,0.135,0,0,0.005,0.24,0,1,0.045,0.78,0.01,0.035,0,0,0.095,0,0.05,0,0.045,0,0,0,1,0.905,0.05
AID033,1,1,1,1,1,1,0.315,1,1,1,1,1,1,1,0,0.995,1,0.85,1,1,1,0.97,1,0.92,1,1,0,1,0,1,1,0,1,0.015,0.265,1,1,1,0.445,0.965,1,0.065,1,1,1,1,0,0.975,1,1,1,1,1,1,1,1,1,1,1,0.59,0.655,1,1,1,0.98,1,0,1,1,1,1,1,0.005,1,1,1,1,0.85,1,1,1,1,1,1,1,0,1,0.265,0,0,1,0.005,1,1,1,1,1,0.025,0,0.995,1,1,1,1,1,0.07,1,1,0.35,1,1,0.69,0,1,1,0.995,1,1,1,1,1,1,1,0.995,1,0,1,0.99,1,1,0.97,1,1,1,1,1,1,1,0,1,1,1,1,1,0,1,1,1,1,1,1,0.62,1,1,1,1,1,0.435,1,1,0,0,1,1,1,1,1,1,1,1,0.965,1,1,1,1,0.38,1,0.035,1,1,1,1,1
AID034,0,0,0,0,0,0,0,0,0.62,0.005,0,0,0,0,0,0,0,0,0,0,1,0,0.63,0,0.005,0.2,0,0.125,0,0,0,0,0,0,0,0,0,0.85,0,0,0.92,0,0,0,0,0,0,0,0,0.14,0,0.005,0,0,0.045,0,0.29,0.71,0,0,0,0.45,0,0,0,0,0,0.01,0,0,0,0.385,0,1,0,0,0,0,1,0,0,1,0,0.21,0,0,0,0,0,0,0,0,0,0,0,0,0,0,0,0,0,1,0,1,0,0,0.06,0,0,0,0.725,0,0,0,0.005,0,0.105,0.315,0,0.015,0.045,0,0,0,1,0,0,0,0,0,0,0.04,0,0.105,0,0,0,0,0,0,0,0.085,0,1,0,0,0.18,0.115,1,0,0,0,0,0,0,1,0.01,0,0.36,0,0,0,0,0,0,0.035,0,0,0,0,0,0,0,0,0,0,0,0,0,0,0.41,0,0
AID035,1,1,1,1,1,1,0.98,1,1,1,1,1,1,1,0,1,1,1,1,1,1,1,1,1,1,1,0,1,0.01,1,1,0.985,1,0,0.86,1,1,1,0.84,1,1,0.77,1,1,1,1,0,1,1,1,1,1,1,1,1,1,1,1,1,0.99,0.985,1,1,1,1,1,0.04,1,1,1,1,1,0.33,1,1,1,1,1,1,1,1,1,1,1,1,0,1,0.9,0,0,1,0.78,1,1,1,1,1,0.935,0.05,1,1,1,1,1,1,0.92,1,1,0.89,1,1,0.99,0.105,1,1,1,1,1,1,1,1,1,1,1,1,0,1,1,1,1,0.995,1,1,1,1,1,1,1,0,1,1,1,1,1,0,1,1,1,1,1,1,0.97,1,1,1,1,1,0.995,1,1,0.005,0.02,1,1,1,1,1,1,1,1,1,1,1,1,1,0.955,1,0.67,1,1,1,1,1
AID036,1,1,1,1,1,1,0.615,1,1,1,1,1,1,1,0,1,1,0.91,1,1,1,0.98,1,1,1,1,0,1,0.005,1,1,0.735,1,0.14,0,1,1,1,0.615,0.995,1,0.295,1,1,1,1,0,0.975,1,1,1,1,1,1,1,1,1,1,1,0.755,0.79,1,1,1,0.98,1,0.015,1,1,1,1,1,0.115,1,1,1,1,0.93,1,1,0.995,1,1,1,1,0,1,0.475,0,0,1,0.195,1,1,1,1,1,0.39,0.01,0.995,1,1,1,1,1,0.405,1,1,0.57,1,1,0.81,0.035,1,1,1,1,1,1,1,1,1,1,0.995,1,0,1,0.995,1,1,0.995,1,1,1,1,1,1,1,0,1,1,1,1,1,0,1,1,1,1,1,1,0.78,0.995,1,1,1,1,0.64,1,1,0.005,0.005,1,1,1,1,1,1,1,1,0.97,1,1,1,1,0.6,1,0.225,1,1,1,1,1
AID037,0,0,0.345,0.995,0,0,0,0.29,1,1,0,0.99,0,0.275,0,0,0.195,0,0,0,1,0,1,0,0.995,1,0,1,0,0.905,0.605,0,1,0,0,0,0.265,1,0,0,1,0,0.885,0.005,0,0.715,0,0,0,1,0.155,0.83,0.675,0,1,0,1,1,0.41,0,0,1,1,0.61,0,0,0,0.98,0,0.285,0.805,1,0,1,0,1,0.7,0,1,0,0,1,0.015,1,0.685,0,0,0,0,0,0.945,0,0.805,0,0.97,0,0.385,0,0,0,0.16,1,0,1,0.215,0,1,0.105,0,0.865,1,0,0,0.87,0.89,0,0.99,1,0.965,1,1,0.24,0.825,0.005,1,0,0.135,0,0.005,0.315,0.005,1,0.9,1,0.155,0.65,0,0.805,0,1,1,1,0,1,0,0.45,1,0.985,1,0.99,1,0,0,0.05,0,1,1,0,1,0.12,0,0,0,0.235,0,1,0.025,0.955,0,0.005,0,0,0.065,0,0.015,0,0.025,0,0,0,1,0.995,0.005
AID038,0,0,0.52,0.99,0.005,0,0,0.53,1,1,0,0.99,0,0.49,0,0,0.345,0,0,0,1,0,1,0,1,1,0,1,0,0.92,0.735,0,1,0,0,0.735,0,1,0,0,1,0,0.895,0.07,0,0.815,0,0,0.005,1,0.34,0.875,0.77,0,1,0,1,1,0.585,0,0,1,1,0.805,0,0,0,1,0,0.49,0.9,1,0,1,0,1,0.785,0,1,0,0,1,0.06,1,0.79,0,0.005,0,0,0,0.97,0,0.835,0.165,0.985,0.005,0.545,0,0,0,0.34,1,0,1,0.375,0,1,0.305,0,0.93,1,0,0,0.915,0.91,0,0.995,1,0.98,0.995,1,0.435,0.88,0.025,1,0,0.365,0,0.08,0.545,0.025,1,0.945,1,0.315,0.77,0,0.88,0,1,1,1,0,1,0,0.655,1,0.985,1,0.99,1,0,0,0.19,0.055,1,1,0,1,0.25,0,0,0.005,0.41,0,1,0.135,0.965,0.015,0.055,0,0,0.14,0,0.115,0,0.06,0,0,0,1,0.99,0.135
AID039,0,0,0,0,0,0,0,0,0.255,0,0,0,0,0,0,0,0,0,0,0,0.88,0,0.21,0,0.005,0.07,0,0.085,0,0,0,0,0.15,0,0,0,0,0,0,0,0.51,0,0,0,0,0,0,0,0,0.055,0,0,0,0,0,0,0.105,0.235,0,0,0,0.16,0,0,0,0,0,0,0,0,0,0.135,0,0.89,0,0,0,0,0.84,0,0,1,0,0.135,0,0,0,0,0,0,0,0,0,0,0,0,0,0,0,0,0,0.995,0,0.95,0,0,0.015,0,0,0,0.34,0,0,0,0,0,0.05,0.12,0,0,0.015,0,0,0,0.9,0,0,0,0,0,0,0,0,0.03,0,0,0,0,0,0,0,0.015,0,1,0,0,0.08,0.025,0.81,0,0,0,0,0,0,0.92,0,0,0.15,0,0,0,0,0,0,0.005,0,0,0,0,0,0,0,0,0,0,0,0,0,0,0.175,0,0
AID040,0.905,0.95,1,1,1,1,0.475,1,1,1,0.995,1,0.925,1,0,0.925,1,0.705,1,0.96,1,0.865,1,0.785,1,1,0,1,0.005,1,1,0.555,1,0.16,0.385,1,1,1,0,0.86,1,0.28,1,1,1,1,0,0.925,1,1,1,1,1,1,1,0.98,1,1,1,0.57,0.64,1,1,1,0.815,0.98,0.02,1,1,1,1,1,0.125,1,1,1,1,0.77,1,0.975,0.84,1,0.985,1,1,0,1,0.38,0,0,1,0.2,1,1,1,1,1,0.305,0.04,0.795,1,1,1,1,1,0.295,1,1,0.47,1,1,0.63,0.05,1,1,0.955,1,1,1,1,1,1,1,0.975,1,0,1,0.925,1,1,0.94,1,1,1,1,1,0.985,1,0,1,1,1,1,1,0,1,1,1,1,1,1,0.59,0.885,1,1,1,1,0.515,1,1,0,0.015,1,1,0.89,1,1,1,1,1,0.805,1,1,1,1,0.485,1,0.215,0.985,0.995,1,1,1
AID041,0.705,0.825,1,1,1,1,0.01,1,1,1,1,1,0.825,1,0,0.795,1,0.19,1,0.865,1,0.645,1,0.29,1,1,0,1,0,1,1,0.035,1,0,0.005,1,1,1,0.14,0,1,0,1,1,0.995,1,0,0.71,0.995,1,1,1,1,1,1,0.955,1,1,1,0.085,0.165,1,1,1,0.53,0.92,0,1,1,1,1,1,0,1,1,1,1,0.215,1,0.87,0.46,1,0.955,1,1,0,1,0.005,0,0,1,0,1,1,1,1,1,0,0,0.29,1,1,1,1,1,0,1,1,0.045,1,1,0.11,0,1,1,0.83,1,1,1,1,1,1,1,0.88,1,0,1,0.635,1,1,0.855,1,1,1,1,1,0.91,1,0,1,1,1,0.98,1,0,1,1,1,1,1,1,0.12,0.535,1,1,1,1,0.005,1,1,0,0,0.985,1,0.615,1,1,1,1,1,0.405,1,1,0.995,1,0.055,0.99,0,0.945,0.97,1,1,1
AID043,0,0,0,0,0,0,0,0,0.195,0,0,0,0,0,0,0,0,0,0,0,0.94,0,0.11,0,0,0.015,0,0.005,0,0,0,0,0.08,0,0,0,0,0.49,0,0,0,0,0,0,0,0,0,0,0,0.01,0,0,0,0,0,0,0.035,0.11,0,0,0,0.09,0,0,0,0,0,0,0,0,0,0.05,0,0.975,0,0,0,0,0.925,0,0,1,0,0.005,0,0,0,0,0,0,0,0,0,0,0,0,0,0,0,0,0,0.995,0,1,0,0,0.005,0,0,0,0.29,0,0,0,0,0,0.035,0.05,0,0,0,0,0,0,0.99,0,0,0,0,0,0,0,0,0,0,0,0,0,0,0,0,0.005,0,1,0,0,0.01,0.005,0.93,0,0,0,0,0,0,0.955,0,0,0.05,0,0,0,0,0,0,0,0,0,0,0,0,0,0,0,0,0,0,0,0,0,0.065,0,0
AID044,1,1,1,1,1,1,0.885,1,1,1,1,1,1,1,0,1,1,1,1,1,1,1,1,1,1,1,0,1,0,1,1,0.935,1,0.23,0.705,1,1,1,0.72,1,1,0,1,1,1,1,0,1,1,1,1,1,1,1,1,1,1,1,1,0.945,0.94,1,1,1,0.995,1,0.005,1,1,1,1,1,0.14,1,1,1,1,0.995,1,1,1,1,1,1,1,0,1,0.71,0,0,1,0.425,1,1,1,1,1,0.7,0.03,1,1,1,1,1,1,0.645,1,1,0.74,1,1,0.99,0.045,1,1,1,1,1,1,1,1,1,1,1,1,0,1,1,1,1,0.99,1,1,1,1,1,1,1,0,1,1,1,1,1,0,1,1,1,1,1,1,0.935,1,1,1,1,1,0.93,1,1,0,0,1,1,1,1,1,1,1,1,1,1,1,1,1,0.84,1,0.37,1,1,1,1,1
AID045,0,0,0.12,0.96,0,0,0,0.085,1,1,0,0.84,0,0.055,0,0,0.095,0,0,0,1,0,1,0,0.96,1,0,1,0,0.71,0.3,0,1,0,0,0.115,0.105,1,0,0,1,0,0,0.005,0,0.3,0,0,0,0.98,0.035,0.73,0.41,0,1,0,1,1,0.165,0,0,1,0.92,0.19,0,0,0,0.91,0,0.13,0.41,1,0,1,0,1,0.445,0,1,0,0,1,0.005,1,0.26,0,0,0,0,0,0.63,0,0.47,0,0.87,0,0.09,0,0,0,0.04,1,0,1,0.065,0,1,0.02,0,0.64,1,0,0,0.55,0.75,0,0.92,1,0.735,0.995,1,0.095,0.52,0,1,0,0.03,0,0.005,0.085,0,1,0.61,1,0.045,0.34,0,0.32,0,1,1,1,0,1,0,0.185,1,0.955,1,0.92,0.99,0,0,0.005,0,1,1,0,1,0.035,0,0,0,0.07,0,1,0,0.59,0,0,0,0,0.03,0,0.005,0,0.01,0,0,0,1,0.865,0.005
AID046,0,0,0.92,1,0.24,0.005,0,0.91,1,1,0.01,1,0,0.955,0,0,0.79,0,0.015,0.03,1,0,1,0,1,1,0,1,0,1,0.975,0,1,0,0,0.995,0.93,1,0,0,1,0,0.995,0,0,0.995,0,0,0.07,1,0.825,0.985,0.97,0.125,1,0,1,1,0.95,0,0,1,1,0.995,0,0.06,0,1,0.165,0.885,0.995,1,0,1,0.015,1,0.97,0,1,0,0,1,0.19,1,0.99,0,0.115,0,0,0,1,0,1,0.87,1,0.36,0.945,0,0,0,0.775,1,0.13,1,0.855,0,1,0.8,0,1,1,0,0,1,0.995,0.005,1,1,1,1,1,0.915,0.995,0.15,1,0,0.935,0,0.545,0.965,0.18,1,1,1,0.785,0.995,0,1,0,1,1,1,0,1,0,0.96,1,0.995,1,1,1,0,0,0.76,0.685,1,1,0,1,0.695,0,0,0.095,0.86,0,1,0.67,1,0.21,0.385,0,0.085,0.55,0,0.485,0,0.27,0,0,0.005,1,1,0.735
AID047,0.02,0.175,1,1,0.955,1,0,1,1,1,0.725,1,0.3,1,0,0.27,1,0,0.95,0.545,1,0.205,1,0,1,1,0,1,0,1,1,0,1,0,0,1,1,1,0,0.005,1,0,1,1,0,1,0,0.31,0.825,1,1,1,1,1,1,0.48,1,1,1,0,0,1,1,1,0.035,0.69,0,1,1,1,1,1,0,1,0.95,1,1,0,1,0.135,0,1,0.75,1,1,0,0.995,0,0,0,1,0,1,1,1,1,1,0,0,0,1,1,0.985,1,1,0,1,1,0,1,1,0,0,1,1,0.45,1,1,1,1,1,1,1,0.685,1,0,1,0.07,1,1,0.68,1,1,1,1,1,0.415,1,0,1,1,1,0.615,1,0,1,1,1,1,1,1,0,0,1,1,1,1,0,1,0.995,0,0,0.805,1,0,1,1,1,0.995,1,0,0.95,1,0.95,1,0,0.905,0,0.36,0.625,1,1,1
AID048,0,0,0.205,0.98,0,0,0,0.19,1,1,0,0.925,0,0.14,0,0,0.175,0,0,0,1,0,1,0,0.985,1,0,1,0,0.805,0.44,0,1,0,0,0.285,0.185,1,0,0,1,0,0.7,0.005,0,0,0,0,0,0.995,0.11,0.785,0.565,0,1,0,1,1,0.29,0,0,1,0.975,0.4,0,0,0,0.95,0,0.21,0.63,1,0,1,0,1,0.575,0,1,0,0,1,0.02,1,0.495,0,0,0,0,0,0.84,0,0.655,0.005,0.925,0,0.195,0,0,0,0.125,1,0,1,0.16,0,1,0.09,0,0.79,1,0,0,0.7,0.845,0,0.94,1,0.86,1,1,0.175,0.675,0.005,1,0,0.06,0,0.01,0.195,0,1,0.76,1,0.12,0.525,0,0.595,0,1,1,1,0,1,0,0.285,1,0.97,1,0.955,0.995,0,0,0.035,0,1,1,0,1,0.08,0,0,0,0.165,0,1,0.015,0.81,0,0.01,0,0,0.04,0,0.025,0,0.015,0,0,0,1,0.955,0.01
AID049,1,1,1,1,1,1,1,1,1,1,1,1,1,1,0.985,1,1,1,1,1,1,1,1,1,1,1,0.91,1,1,1,1,1,1,1,1,1,1,1,1,1,1,1,1,1,1,1,0,1,1,1,1,1,1,1,1,1,1,1,1,1,1,1,1,1,1,1,1,1,1,1,1,1,1,1,1,1,1,1,1,1,1,1,1,1,1,1,1,1,1,0.995,1,1,1,1,1,1,1,1,1,1,1,1,1,1,1,1,1,1,1,1,1,1,1,1,1,1,1,1,1,1,1,1,1,1,1,0.875,1,1,1,1,1,1,1,1,1,1,1,1,0.935,1,1,1,1,1,1,1,1,1,1,1,1,1,1,1,1,1,1,1,1,1,0.845,1,1,1,1,1,1,1,1,1,1,1,1,1,1,1,1,1,1,1,1,1,1
AID050,0.37,0.515,1,1,0.955,0.945,0.015,1,1,1,0.765,1,0.54,1,0,0.505,1,0.095,0.835,0.64,1,0.42,1,0.14,1,1,0,1,0,1,1,0.025,1,0,0.025,1,1,1,0.075,0.29,1,0,1,1,0.69,1,0,0,0.86,1,1,1,1,0.96,1,0.655,1,1,1,0.06,0.115,1,1,1,0.265,0.75,0,1,0.97,1,1,1,0,1,0.875,1,1,0.125,1,0.515,0.26,1,0.84,1,1,0,0.94,0.005,0,0,1,0,1,1,1,1,1,0,0,0.175,1,1,0.94,1,1,0,1,1,0.06,1,1,0.06,0,1,1,0.595,1,1,1,1,1,1,1,0.73,1,0,1,0.39,1,1,0.72,1,1,1,1,1,0.61,1,0,1,1,1,0.715,1,0,1,1,1,1,1,1,0.075,0.285,1,1,1,1,0.01,1,0.995,0,0,0.835,1,0.33,1,1,1,0.965,0.98,0.22,0.92,0.985,0.855,1,0.02,0.92,0,0.62,0.71,1,1,1
AID051,0.01,0.095,0.99,1,0.725,0.575,0,0.99,1,1,0.32,1,0.13,0.995,0,0.125,0.955,0,0.415,0.275,1,0.12,1,0,1,1,0,1,0,1,1,0,1,0,0,1,0.995,1,0,0.005,1,0,1,0.93,0.175,1,0,0.14,0,1,0.985,1,1,0.67,1,0.175,1,1,1,0,0,1,1,1,0.02,0.405,0,1,0.7,0.99,1,1,0,1,0.465,1,1,0,1,0.045,0.005,1,0.505,1,1,0,0.64,0,0,0,1,0,1,1,1,0.865,0.985,0,0,0,0.96,1,0.66,1,0.995,0,1,0.985,0,1,1,0,0,1,1,0.255,1,1,1,1,1,0.995,1,0.445,1,0,1,0.03,0.925,1,0.51,1,1,1,0.98,0.995,0.145,1,0,1,1,1,0.29,1,0,0.995,1,1,1,1,1,0,0.015,0.99,0.97,1,1,0,1,0.915,0,0,0.445,0.99,0.025,1,0.975,1,0.75,0.82,0.015,0.64,0.845,0.445,0.91,0,0.685,0,0.155,0.33,1,1,0.97
AID052,0,0,0.01,0.22,0,0,0,0,0.87,0.175,0,0.04,0,0,0,0,0,0,0,0,1,0,0.89,0,0.165,0.635,0,0.625,0,0.045,0.025,0,0.86,0,0,0,0,0.945,0,0,0.99,0,0.02,0,0,0.005,0,0,0,0,0,0.155,0.01,0,0.59,0,0.675,0.885,0.01,0,0,0.79,0.155,0,0,0,0,0.185,0,0,0.015,0.76,0,1,0,0.38,0.015,0,1,0,0,1,0,0.75,0.005,0,0,0,0,0,0.025,0,0.02,0,0.08,0,0,0,0,0,0,1,0,1,0,0,0.55,0,0,0.03,0.905,0,0,0.03,0.1,0,0.34,0.74,0.02,0.34,0.565,0,0.03,0,1,0,0,0,0,0,0,0.47,0.01,0.595,0,0.01,0,0,0,0.35,0.06,0.625,0,1,0,0.01,0.725,0.385,1,0.115,0.155,0,0,0,0,1,0.32,0,0.795,0.005,0,0,0,0,0,0.54,0,0.02,0,0,0,0,0,0,0,0,0,0,0,0,0.855,0.125,0
AID053,0,0,0.72,1,0.095,0.005,0,0.605,1,1,0,0.995,0.005,0.72,0,0,0.45,0,0,0,1,0,1,0,1,1,0,1,0,0.94,0.84,0,1,0,0,0.845,0.66,1,0,0,1,0,0.965,0.175,0,0.89,0,0,0.015,1,0,0.9,0.845,0.03,1,0,1,1,0.75,0,0,1,1,0.9,0,0.02,0,0.99,0.075,0.655,0.955,1,0,1,0,1,0.86,0,1,0,0,1,0.075,1,0.865,0,0.03,0,0,0,0.96,0,0.93,0.385,0.995,0.11,0.685,0,0,0,0.515,1,0.045,1,0.545,0,1,0.48,0,0.945,1,0,0,0.955,0.945,0.005,1,1,0.985,1,1,0.675,0.935,0.055,1,0,0.595,0,0.235,0.75,0.085,1,0.965,1,0.485,0.86,0,0.94,0,1,1,1,0,1,0,0.79,1,1,1,0.995,0.995,0,0,0.43,0.255,1,1,0,1,0.43,0,0,0.015,0.55,0,1,0.325,0.96,0.05,0.175,0,0.025,0.28,0,0.24,0,0.115,0,0,0,1,1,0.33
AID054,0,0,0.135,0.665,0.025,0,0,0.11,0.985,0.695,0,0.395,0,0.125,0,0,0.07,0,0,0,1,0,1,0,0.585,0.95,0,0.94,0,0.36,0.21,0,0.995,0,0,0.17,0.125,1,0,0,1,0,0.27,0.015,0,0.215,0,0,0,0.845,0.1,0,0.225,0,0.945,0,0.94,1,0.155,0,0,0.975,0.575,0.195,0,0.005,0,0.62,0,0.145,0.26,0.985,0,1,0,0.845,0.255,0,1,0,0,1,0.01,0.98,0.225,0,0.005,0,0,0,0.31,0,0.315,0.045,0.515,0.01,0.17,0,0,0,0.08,1,0,1,0.12,0,0.89,0.075,0,0.345,0.995,0,0,0.29,0.48,0,0.715,0.97,0.305,0.74,0.935,0.13,0.295,0.01,1,0,0.095,0,0.025,0.15,0.02,0.9,0.36,0.93,0.095,0.235,0,0.23,0,0.82,0.54,0.96,0,1,0,0.175,0.995,0.725,1,0.575,0.675,0,0,0.05,0.025,1,0.77,0,0.99,0.055,0,0,0,0.115,0,0.91,0.035,0.28,0,0.025,0,0,0.035,0,0.02,0,0.025,0,0,0,0.995,0.56,0.04
AID056,0,0,0.28,0.94,0.015,0,0,0.215,1,0.96,0,0.79,0,0.22,0,0,0.195,0,0,0,1,0,1,0,0.875,1,0,1,0,0.68,0.445,0,1,0,0,0.325,0.23,1,0,0,1,0,0.59,0.03,0,0.435,0,0,0,0.99,0.155,0.775,0,0,1,0,1,1,0.295,0,0,1,0.885,0.41,0,0,0,0.92,0,0.245,0.575,1,0,1,0,1,0.55,0,1,0,0,1,0.02,1,0.47,0,0,0,0,0,0.67,0,0.555,0.08,0.85,0.01,0.285,0,0,0,0.155,1,0.005,1,0.255,0,1,0.11,0,0.68,1,0,0,0.62,0.765,0,0.92,1,0.695,0.965,1,0.21,0.58,0.01,1,0,0.15,0,0.025,0.28,0.015,0.995,0.645,0.995,0.16,0.465,0,0.51,0,1,0.905,1,0,1,0,0.34,1,0.94,1,0.865,0.925,0,0,0.11,0.05,1,0.985,0,1,0.12,0,0,0,0.225,0,1,0.055,0.66,0.01,0.035,0,0,0.075,0,0.025,0,0,0,0,0,1,0.84,0.065
AID057,0,0.005,1,1,0.585,0.185,0,0.99,1,1,0.06,1,0.025,1,0,0.02,0.95,0,0.055,0.135,1,0.01,1,0,1,1,0,1,0,1,1,0,1,0,0,1,1,1,0,0,1,0,1,0.875,0,1,0,0.04,0.33,1,0.97,1,1,0,1,0.01,1,1,1,0,0,1,1,1,0,0.21,0,1,0.55,0.99,1,1,0,1,0.105,1,1,0,1,0,0,1,0.385,1,1,0,0.465,0,0,0,1,0,1,0.995,1,0.815,1,0,0,0,0.975,1,0.44,1,0.975,0,1,0.975,0,1,1,0,0,1,1,0.09,1,1,1,1,1,0.995,1,0.3,1,0,1,0,0.895,1,0.34,1,1,1,0.975,1,0.02,1,0,1,1,1,0.03,1,0,1,1,1,1,1,1,0,0,0.98,0.98,1,1,0,1,0.89,0,0,0.205,0.98,0,1,0.935,1,0.555,0.71,0,0.37,0.81,0.06,0.805,0,0.545,0,0.01,0.05,1,1,0.975
AID058,0,0,0,0.035,0,0,0,0,0.98,0.03,0,0,0,0,0,0,0,0,0,0,1,0,1,0,0.05,0.72,0,0.62,0,0,0,0,0.955,0,0,0,0,1,0,0,1,0,0,0,0,0,0,0,0,0.41,0,0.055,0,0,0,0,0.67,0.995,0,0,0,0.795,0.005,0,0,0,0,0.04,0,0,0,0.875,0,1,0,0.03,0,0,1,0,0,1,0,0.94,0,0,0,0,0,0,0,0,0,0,0,0,0,0,0,0,0,1,0,1,0,0,0.335,0,0,0,0.98,0,0,0,0.005,0,0.285,0.805,0,0.085,0.48,0,0,0,1,0,0,0,0,0,0,0.285,0,0.595,0,0,0,0,0,0.01,0,0.7,0,1,0,0,1,0.295,1,0,0.01,0,0,0,0,1,0.17,0,0.91,0,0,0,0,0,0,0.35,0,0,0,0,0,0,0,0,0,0,0,0,0,0,0.99,0,0
AID060,0.1,0.3,1,1,0.96,0.99,0,1,1,1,0.695,1,0.35,1,0,0.33,1,0.015,0.83,0.53,1,0.22,1,0.005,1,1,0,1,0,1,1,0,1,0,0,1,1,1,0.02,0.045,1,0,1,1,0.52,1,0,0.345,0.825,1,1,1,1,0.99,1,0,1,1,1,0,0.01,1,1,1,0.06,0.69,0,1,0.975,1,1,1,0,1,0.92,1,1,0.005,1,0.215,0.025,1,0.79,1,1,0,0.97,0,0,0,1,0,1,1,1,1,1,0,0,0,1,1,0.925,1,1,0,1,1,0,1,1,0,0,1,1,0.505,1,1,1,1,1,1,1,0.67,1,0,1,0.13,0.995,1,0.665,1,1,1,1,1,0.445,1,0,1,1,1,0.66,1,0,1,1,1,1,1,1,0.005,0.02,1,1,1,1,0,1,0.995,0,0,0.8,1,0.055,1,0.995,1,0.985,0.99,0.02,0.92,1,0.845,0.995,0,0.915,0,0.465,0.605,1,1,1
AID061,0,0,0,0.075,0,0,0,0,0.815,0.065,0,0,0,0,0,0,0,0,0,0,1,0,0.82,0,0.075,0.48,0,0.435,0,0.005,0,0,0.71,0,0,0,0,0.895,0,0,0.965,0,0,0,0,0,0,0,0,0.325,0,0.06,0,0,0.33,0,0,0.8,0,0,0,0.62,0.05,0,0,0,0,0.06,0,0,0,0.62,0,1,0,0.17,0,0,1,0,0,1,0,0.55,0,0,0,0,0,0,0,0,0,0,0.02,0,0,0,0,0,0,1,0,1,0,0,0.235,0,0,0.005,0.805,0,0,0,0.035,0,0.25,0.54,0,0.17,0.335,0,0,0,1,0,0,0,0,0,0,0.22,0,0.385,0,0,0,0,0,0.13,0,0.4,0,1,0,0,0.51,0.23,1,0.04,0.04,0,0,0,0,1,0.14,0,0.64,0,0,0,0,0,0,0.25,0,0,0,0,0,0,0,0,0,0,0,0,0,0,0.68,0.03,0
AID062,0,0,0,0,0,0,0,0,0.45,0.005,0,0,0,0,0,0,0,0,0,0,1,0,0.395,0,0,0.075,0,0.065,0,0,0,0,0.29,0,0,0,0,0.765,0,0,0.89,0,0,0,0,0,0,0,0,0.115,0,0,0,0,0.005,0,0.2,0,0,0,0,0.315,0,0,0,0,0,0,0,0,0,0.22,0,1,0,0,0,0,1,0,0,1,0,0.05,0,0,0,0,0,0,0,0,0,0,0,0,0,0,0,0,0,1,0,1,0,0,0.015,0,0,0,0.605,0,0,0,0,0,0.085,0.17,0,0,0.015,0,0,0,1,0,0,0,0,0,0,0.005,0,0.03,0,0,0,0,0,0.005,0,0.015,0,1,0,0,0.035,0.045,1,0,0,0,0,0,0,1,0,0,0.185,0,0,0,0,0,0,0.005,0,0,0,0,0,0,0,0,0,0,0,0,0,0,0.245,0,0
AID063,0,0,0.41,0.995,0.015,0,0,0.405,1,1,0,0.95,0,0.37,0,0,0.3,0,0,0,1,0,1,0,0.985,1,0,1,0,0.875,0.655,0,1,0,0,0.59,0.415,1,0,0,1,0,0.835,0.05,0,0.71,0,0,0,0.99,0.25,0.845,0.705,0,1,0,1,1,0,0,0,1,0.98,0.63,0,0,0,0.985,0.01,0.355,0.815,1,0,1,0,1,0.695,0,1,0,0,1,0.005,1,0.695,0,0.005,0,0,0,0.895,0,0.765,0.115,0.96,0.01,0.435,0,0,0,0.24,1,0.005,1,0.365,0,1,0.2,0,0.865,1,0,0,0.835,0.89,0,0.975,1,0.91,0.995,1,0.365,0.77,0.005,1,0,0.275,0,0.07,0.44,0.05,1,0.865,1,0.23,0.69,0,0.785,0,1,1,1,0,1,0,0.54,1,0.99,1,0.965,0.995,0,0,0.135,0.075,1,1,0,1,0.205,0,0,0,0.305,0,1,0.1,0.87,0,0.065,0,0,0.11,0,0.065,0,0.05,0,0,0,1,0.97,0.09
AID064,0.98,0.99,1,1,1,1,0.25,1,1,1,1,1,0.99,1,0,0.985,1,0.685,1,0.985,1,0.935,1,0.805,1,1,0,1,0,1,1,0.41,1,0.01,0.245,1,1,1,0.43,0.915,1,0.055,1,1,1,1,0,0.94,1,1,1,1,1,1,1,1,1,1,1,0,0.565,1,1,1,0.875,1,0,1,1,1,1,1,0.005,1,1,1,1,0.74,1,0.995,0.945,1,1,1,1,0,1,0.19,0,0,1,0.02,1,1,1,1,1,0.05,0,0.89,1,1,1,1,1,0.07,1,1,0.31,1,1,0.57,0,1,1,0.965,1,1,1,1,1,1,1,0.985,1,0,1,0.96,1,1,0.96,1,1,1,1,1,1,1,0,1,1,1,1,1,0,1,1,1,1,1,1,0.49,0.965,1,1,1,1,0.345,1,1,0,0,1,1,0.985,1,1,1,1,1,0.895,1,1,1,1,0.335,1,0.04,1,1,1,1,1
AID065,0.895,0.935,1,1,1,1,0.235,1,1,1,1,1,0.945,1,0,0.925,1,0.585,1,0.975,1,0.865,1,0.72,1,1,0,1,0,1,1,0.345,1,0.015,0.21,1,1,1,0.36,0.835,1,0.06,1,1,1,1,0,0.885,1,1,1,1,1,1,1,0.99,1,1,1,0.435,0,1,1,1,0.805,0.99,0,1,1,1,1,1,0.015,1,1,1,1,0.63,1,0.97,0.79,1,0.995,1,1,0,1,0.165,0,0,1,0.015,1,1,1,1,1,0.085,0,0.77,1,1,1,1,1,0.105,1,1,0.32,1,1,0.475,0,1,1,0.935,1,1,1,1,1,1,1,0.96,1,0,1,0.85,1,1,0.925,1,1,1,1,1,0.985,1,0,1,1,1,1,1,0,1,1,1,1,1,1,0.465,0.855,1,1,1,1,0.27,1,1,0,0,1,1,0.875,1,1,1,1,1,0.74,1,1,1,1,0.295,1,0.015,0.98,0.985,1,1,1
AID066,0,0,0,0.035,0,0,0,0,0.68,0.03,0,0,0,0,0,0,0,0,0,0,0.995,0,0.64,0,0.055,0.32,0,0.31,0,0,0,0,0.55,0,0,0,0,0.84,0,0,0.91,0,0,0,0,0,0,0,0,0.21,0,0.025,0,0,0.205,0,0.38,0.685,0,0,0,0,0.015,0,0,0,0,0.03,0,0,0,0.5,0,1,0,0.115,0,0,1,0,0,1,0,0.365,0,0,0,0,0,0,0,0,0,0,0.005,0,0,0,0,0,0,1,0,1,0,0,0.14,0,0,0,0.73,0,0,0,0.015,0,0.175,0.42,0,0.09,0.235,0,0,0,1,0,0,0,0,0,0,0.14,0,0.26,0,0,0,0,0,0.045,0,0.265,0,1,0,0,0.365,0.15,1,0.025,0.015,0,0,0,0,1,0.075,0,0.545,0,0,0,0,0,0,0.195,0,0,0,0,0,0,0,0,0,0,0,0,0,0,0.56,0.035,0
AID067,0,0,0.01,0.545,0,0,0,0.015,1,0.65,0,0.235,0,0.005,0,0,0.01,0,0,0,1,0,1,0,0.525,0.98,0,0.98,0,0.145,0.04,0,1,0,0,0,0,1,0,0,1,0,0.08,0,0,0.025,0,0,0,0.845,0,0.425,0.115,0,0.995,0,0.95,1,0.02,0,0,0.985,0,0.005,0,0,0,0.535,0,0.005,0.055,0.99,0,1,0,0.87,0.06,0,1,0,0,1,0,1,0.045,0,0,0,0,0,0.105,0,0.11,0,0.315,0,0.01,0,0,0,0,1,0,1,0.01,0,0.915,0,0,0.175,1,0,0,0.115,0.355,0,0.635,0.995,0.13,0.74,0.96,0,0.095,0,1,0,0,0,0,0.005,0,0.92,0.165,0.97,0,0.04,0,0.03,0,0.86,0.345,0.99,0,1,0,0.035,1,0.695,1,0.44,0.565,0,0,0,0,1,0.76,0,1,0.015,0,0,0,0,0,0.96,0,0.12,0,0,0,0,0,0,0,0,0.01,0,0,0,1,0.43,0
AID068,0,0,0.275,0.995,0,0,0,0.205,1,1,0,0.98,0,0.2,0,0,0.16,0,0,0,1,0,1,0,1,1,0,1,0,0.87,0.555,0,1,0,0,0.39,0.195,1,0,0,1,0,0.81,0.005,0,0.6,0,0,0,1,0.1,0.805,0.59,0,1,0,1,1,0.37,0,0,1,0.995,0,0,0,0,0.98,0,0.23,0.795,1,0,1,0,1,0.68,0,1,0,0,1,0.01,1,0.62,0,0,0,0,0,0.95,0,0.74,0.005,0.965,0,0.275,0,0,0,0.14,1,0,1,0.155,0,1,0.08,0,0.865,1,0,0,0.815,0.87,0,0.975,1,0.905,1,1,0.195,0.785,0.005,1,0,0.07,0,0,0.26,0,1,0.865,1,0.12,0.58,0,0.755,0,1,1,1,0,1,0,0.37,1,0.975,1,0.98,1,0,0,0.045,0,1,1,0,1,0.11,0,0,0,0.2,0,1,0,0.94,0,0.005,0,0,0.045,0,0.01,0,0.015,0,0,0,1,0.995,0
AID069,0.695,0.83,1,1,0.995,1,0,1,1,1,0.975,1,0.84,1,0,0.78,1,0.21,0.985,0.89,1,0.675,1,0.32,1,1,0,1,0,1,1,0.02,1,0,0.02,1,1,1,0.185,0.47,1,0.005,1,1,0.965,1,0,0.735,0.98,1,1,1,1,1,1,0.94,1,1,1,0.125,0.195,1,1,1,0,0.915,0,1,0.995,1,1,1,0,1,0.995,1,1,0.245,1,0.855,0.5,1,0.98,1,1,0,0.995,0.015,0,0,1,0,1,1,1,1,1,0,0,0.325,1,1,0.995,1,1,0,1,1,0.085,1,1,0.135,0,1,1,0.83,1,1,1,1,1,1,1,0.88,1,0,1,0.66,1,1,0.88,1,1,1,1,1,0.875,1,0,1,1,1,0.965,1,0,1,1,1,1,1,1,0.13,0.565,1,1,1,1,0.01,1,1,0,0,0.99,1,0.66,1,1,1,1,1,0.44,0.99,1,0.995,1,0.055,0.975,0,0.935,0.92,1,1,1
AID070,0.145,0.19,1,1,0.79,0.74,0,1,1,1,0.51,1,0.26,1,0,0.245,0.935,0.02,0.56,0.395,1,0.21,1,0.03,1,1,0,1,0,1,1,0,1,0,0,1,1,1,0.02,0.08,1,0,1,0.94,0.31,1,0,0.25,0.595,1,0.98,0.995,1,0.79,1,0.31,1,1,1,0,0.01,1,1,1,0.085,0,0,1,0.78,0.995,1,1,0,1,0.63,1,1,0.01,1,0.23,0.035,1,0.595,1,1,0,0.725,0,0,0,1,0,1,1,1,0.855,0.995,0,0,0.01,0.96,1,0.755,1,0.995,0,1,0.975,0.01,1,1,0.005,0,1,1,0.365,1,1,1,1,1,0.995,1,0.505,1,0,1,0.13,0.94,1,0.55,1,1,1,0.97,1,0.285,1,0,1,1,1,0.43,1,0,1,1,1,1,1,1,0.015,0.04,0.975,0.975,1,1,0,1,0.945,0,0,0.595,0.995,0.08,1,0.98,1,0.765,0.86,0.01,0.74,0.91,0.61,0.88,0,0.775,0,0.295,0.45,1,1,0.975
AID071,1,1,1,1,1,1,1,1,1,1,1,1,1,1,0.02,1,1,1,1,1,1,1,1,1,1,1,0.155,1,0.41,1,1,1,1,0.96,0.985,1,1,1,0.98,1,1,0.995,1,1,1,1,0,1,1,1,1,1,1,1,1,1,1,1,1,1,1,1,1,1,1,1,0,1,1,1,1,1,0.885,1,1,1,1,1,1,1,1,1,1,1,1,0.26,1,1,0.2,0.255,1,0.99,1,1,1,1,1,1,0.64,1,1,1,1,1,1,1,1,1,0.99,1,1,1,0.75,1,1,1,1,1,1,1,1,1,1,1,1,0.01,1,1,1,1,1,1,1,1,1,1,1,1,0.045,1,1,1,1,1,0.43,1,1,1,1,1,1,1,1,1,1,1,1,1,1,1,0.105,0.435,1,1,1,1,1,1,1,1,1,1,1,1,1,1,1,0.985,1,1,1,1,1
AID072,0,0,0.01,0.5,0,0,0,0.015,0.995,0.575,0,0.2,0,0.005,0,0,0.015,0,0,0,1,0,1,0,0.52,0.95,0,0.93,0,0.17,0.07,0,0.99,0,0,0.02,0,1,0,0,1,0,0.09,0,0,0.05,0,0,0,0.815,0.01,0.38,0.08,0,0.96,0,0.94,1,0.015,0,0,0.97,0.465,0.02,0,0,0,0,0,0.02,0.055,0.97,0,1,0,0.8,0.065,0,1,0,0,1,0,0.995,0.05,0,0,0,0,0,0.105,0,0.065,0,0.3,0,0.01,0,0,0,0.015,1,0,1,0.005,0,0.89,0.005,0,0.15,0.995,0,0,0.12,0.32,0,0.64,0.97,0.155,0.695,0.92,0,0.11,0,1,0,0.005,0,0,0.01,0,0.885,0.14,0.94,0.005,0.05,0,0.07,0,0.785,0.325,0.96,0,1,0,0.025,0.99,0.69,1,0.415,0.48,0,0,0,0,1,0.67,0,0.985,0,0,0,0,0.015,0,0.925,0,0.11,0,0,0,0,0,0,0,0,0.005,0,0,0,0.995,0.41,0
AID073,0,0,0.99,1,0.52,0.205,0,0.99,1,1,0.065,1,0.045,0.995,0,0.04,0.935,0,0.12,0.11,1,0.015,1,0,1,1,0,1,0,1,1,0,1,0,0,1,1,1,0,0,1,0,1,0.835,0,1,0,0.03,0.3,1,0.925,1,1,0.45,1,0.025,1,1,0.99,0,0,1,1,1,0.005,0.22,0,1,0,1,1,1,0,1,0.155,1,1,0,1,0.005,0,1,0.38,1,1,0,0.39,0,0,0,1,0,1,0.99,1,0.775,0.98,0,0,0,0.94,1,0.44,1,0.985,0,1,0.955,0,1,1,0,0,1,1,0.065,1,1,1,1,1,0.985,1,0.33,1,0,1,0,0.885,1,0.33,1,1,1,0.955,1,0.01,1,0,1,1,1,0.02,1,0,1,1,1,1,1,1,0,0,0.935,0.91,1,1,0,1,0.855,0,0,0.22,0.965,0,1,0.91,1,0.565,0.655,0,0.35,0.775,0.065,0.81,0,0.51,0,0,0.035,1,1,0.96
AID074,0,0,0.56,0.995,0.025,0,0,0.505,1,1,0,0.97,0,0.52,0,0,0.39,0,0,0,1,0,1,0,0.975,1,0,1,0,0.905,0.73,0,1,0,0,0.715,0.51,1,0,0,1,0,0.87,0.115,0,0.79,0,0,0.01,1,0.345,0.855,0.755,0.01,1,0,1,1,0.645,0,0,1,0.995,0.77,0,0.005,0,0.98,0,0,0.875,1,0,1,0,1,0.79,0,1,0,0,1,0.05,1,0.79,0,0,0,0,0,0.95,0,0.845,0.22,0.98,0.03,0.535,0,0,0,0.355,1,0.01,1,0.46,0,1,0.335,0,0.905,1,0,0,0.88,0.905,0,0.985,1,0.95,1,1,0.47,0.88,0.01,1,0,0.44,0,0.075,0.61,0.04,1,0.925,1,0.36,0.775,0,0.87,0,1,1,1,0,1,0,0.665,1,0.99,1,0.995,1,0,0,0.255,0.09,1,1,0,1,0.27,0,0,0.01,0.43,0,1,0.16,0.95,0.015,0.09,0,0,0.2,0,0.12,0,0.07,0,0,0,1,0.99,0.18
AID075,0,0,0.15,0.96,0,0,0,0.115,1,1,0,0.875,0,0.09,0,0,0.09,0,0,0,1,0,1,0,0.96,1,0,1,0,0.74,0.34,0,1,0,0,0.195,0.1,1,0,0,1,0,0.59,0.005,0,0.37,0,0,0,0.985,0.045,0.74,0.425,0,1,0,1,1,0.185,0,0,1,0.945,0.205,0,0,0,0.945,0,0.125,0,1,0,1,0,1,0.525,0,1,0,0,1,0,1,0.335,0,0,0,0,0,0.76,0,0.52,0,0.91,0,0.135,0,0,0,0.05,1,0,1,0.09,0,1,0.025,0,0.695,1,0,0,0.6,0.79,0,0.915,1,0.755,0.99,1,0.095,0.59,0,1,0,0.025,0,0,0.155,0,1,0.66,1,0.045,0.37,0,0.445,0,1,1,1,0,1,0,0.25,1,0.97,1,0.945,0.98,0,0,0.015,0,1,1,0,1,0.045,0,0,0,0.12,0,1,0,0.655,0,0,0,0,0.015,0,0.005,0,0.01,0,0,0,1,0.93,0.005
AID076,0,0,0,0.01,0,0,0,0,0.69,0.02,0,0,0,0,0,0,0,0,0,0,1,0,0.755,0,0.02,0.34,0,0.285,0,0,0,0,0.615,0,0,0,0,0.865,0,0,0.95,0,0,0,0,0,0,0,0,0.24,0,0.015,0,0,0.125,0,0.38,0.78,0,0,0,0.5,0.01,0,0,0,0,0.03,0,0,0,0,0,1,0,0.005,0,0,1,0,0,1,0,0.415,0,0,0,0,0,0,0,0,0,0,0,0,0,0,0,0,0,1,0,1,0,0,0.14,0,0,0,0.79,0,0,0,0,0,0.175,0.415,0,0.02,0.185,0,0,0,1,0,0,0,0,0,0,0.11,0,0.2,0,0,0,0,0,0.01,0,0.22,0,1,0,0,0.405,0.14,1,0.005,0.015,0,0,0,0,1,0.045,0,0.575,0,0,0,0,0,0,0.105,0,0,0,0,0,0,0,0,0,0,0,0,0,0,0.6,0.005,0
AID077,1,1,1,1,1,1,0.98,1,1,1,1,1,1,1,0,1,1,1,1,1,1,1,1,1,1,1,0,1,0.01,1,1,0.995,1,0.67,0.885,1,1,1,0.875,1,1,0.86,1,1,1,1,0,1,1,1,1,1,1,1,1,1,1,1,1,0.995,0.985,1,1,1,1,1,0.115,1,1,1,1,1,0,1,1,1,1,1,1,1,1,1,1,1,1,0.005,1,0.945,0,0,1,0.835,1,1,1,1,1,0.92,0.15,1,1,1,1,1,1,0.905,1,1,0.905,1,1,0.99,0.26,1,1,1,1,1,1,1,1,1,1,1,1,0,1,1,1,1,1,1,1,1,1,1,1,1,0,1,1,1,1,1,0.005,1,1,1,1,1,1,0.98,1,1,1,1,1,0.995,1,1,0,0.07,1,1,1,1,1,1,1,1,1,1,1,1,1,0.95,1,0.765,1,1,1,1,1
AID078,0,0,0,0,0,0,0,0,0.015,0,0,0,0,0,0,0,0,0,0,0,0.435,0,0,0,0,0,0,0,0,0,0,0,0,0,0,0,0,0.11,0,0,0.025,0,0,0,0,0,0,0,0,0,0,0,0,0,0,0,0,0,0,0,0,0,0,0,0,0,0,0,0,0,0,0,0,0,0,0,0,0,0.325,0,0,1,0,0,0,0,0,0,0,0,0,0,0,0,0,0,0,0,0,0,0,0.76,0,0.735,0,0,0,0,0,0,0.03,0,0,0,0,0,0,0,0,0,0,0,0,0,0.585,0,0,0,0,0,0,0,0,0,0,0,0,0,0,0,0,0,0,0.985,0,0,0,0,0.285,0,0,0,0,0,0,0.615,0,0,0,0,0,0,0,0,0,0,0,0,0,0,0,0,0,0,0,0,0,0,0,0,0,0,0
AID079,0.005,0.02,1,1,0.85,0.77,0,0.995,1,1,0.34,1,0.12,1,0,0.095,1,0,0.43,0.305,1,0.075,1,0,1,1,0,1,0,1,1,0,1,0,0,1,1,1,0,0,1,0,1,0.985,0.05,1,0,0.125,0.535,1,1,1,1,0.895,1,0.08,1,1,1,0,0,1,1,1,0.005,0.37,0,1,0.845,1,1,1,0,1,0,1,1,0,1,0.015,0,1,0.575,1,1,0,0.775,0,0,0,1,0,1,1,1,0.99,1,0,0,0,0.99,1,0.77,1,1,0,1,1,0,1,1,0,0,1,1,0.28,1,1,1,1,1,1,1,0.47,1,0,1,0.005,0.99,1,0.53,1,1,1,0.99,1,0.105,1,0,1,1,1,0.175,1,0,1,1,1,1,1,1,0,0,1,1,1,1,0,1,0.975,0,0,0.51,1,0,1,0.995,1,0.86,0.89,0,0.755,0.965,0.4,0.97,0,0.775,0,0.125,0.275,1,1,0.995
AID080,0,0,0,0.175,0,0,0,0,0.985,0.195,0,0,0,0,0,0,0,0,0,0,1,0,1,0,0.17,0.89,0,0.855,0,0,0.005,0,1,0,0,0,0,1,0,0,1,0,0,0,0,0,0,0,0,0.62,0,0.155,0,0,0.97,0,0.83,1,0,0,0,0.885,0.13,0,0,0,0,0.2,0,0,0,0.995,0,1,0,0,0,0,1,0,0,1,0,0.995,0,0,0,0,0,0,0,0,0,0,0.01,0,0,0,0,0,0,1,0,1,0,0,0.63,0,0,0,0.99,0,0,0,0.04,0,0.41,0.91,0,0.345,0.87,0,0,0,1,0,0,0,0,0,0,0.67,0,0.885,0,0,0,0,0,0.4,0,0.99,0,1,0,0,1,0.455,1,0.08,0.13,0,0,0,0,1,0.38,0,0.995,0,0,0,0,0,0,0.86,0,0,0,0,0,0,0,0,0,0,0,0,0,0,0.995,0.085,0
AID081,0,0,0.235,0.95,0.005,0,0,0.235,1,0.97,0,0.825,0,0.195,0,0,0.155,0,0,0,1,0,1,0,0.94,1,0,1,0,0.65,0.42,0,1,0,0,0.3,0.215,1,0,0,1,0,0.555,0.03,0,0.425,0,0,0,0.985,0.14,0.745,0.45,0,1,0,1,1,0.305,0,0,1,0.94,0.32,0,0,0,0.935,0,0.21,0.475,1,0,1,0,1,0,0,1,0,0,1,0.025,1,0.46,0,0,0,0,0,0.67,0,0.53,0.045,0.84,0.005,0.21,0,0,0,0.09,1,0,1,0.19,0,1,0.085,0,0.67,1,0,0,0.59,0.73,0,0.915,1,0.715,0.975,1,0.195,0.56,0.01,1,0,0.155,0,0.015,0.23,0.02,1,0.65,1,0.125,0.45,0,0.49,0,1,0.945,1,0,1,0,0.34,1,0.92,1,0.92,0.95,0,0,0.05,0.04,1,0.98,0,1,0.095,0,0,0,0.185,0,1,0.05,0.615,0,0.02,0,0,0.05,0,0.015,0,0.025,0,0,0,1,0.905,0.035
AID082,0.915,0.965,1,1,1,1,0.055,1,1,1,0.995,1,0.955,1,0,0.915,1,0.43,1,0.96,1,0.815,1,0.59,1,1,0,1,0,1,1,0.15,1,0,0.07,1,1,1,0.23,0.785,1,0.005,1,1,1,1,0,0.875,1,1,1,1,1,1,1,0.995,1,1,1,0.26,0.37,1,1,1,0.755,0.99,0,1,1,1,1,1,0,1,1,1,1,0,1,0.975,0.81,1,1,1,1,0,1,0.05,0,0,1,0,1,1,1,1,1,0,0,0.65,1,1,1,1,1,0,1,1,0.135,1,1,0.335,0,1,1,0.975,1,1,1,1,1,1,1,0.955,1,0,1,0.83,1,1,0.92,1,1,1,1,1,0.985,1,0,1,1,1,1,1,0,1,1,1,1,1,1,0.305,0.89,1,1,1,1,0.085,1,1,0,0,0.99,1,0.89,1,1,1,1,1,0.695,1,1,1,1,0.145,1,0.005,0.985,1,1,1,1
AID083,0,0,0,0,0,0,0,0,0.005,0,0,0,0,0,0,0,0,0,0,0,0.64,0,0,0,0,0,0,0,0,0,0,0,0,0,0,0,0,0.16,0,0,0.075,0,0,0,0,0,0,0,0,0,0,0,0,0,0,0,0,0,0,0,0,0,0,0,0,0,0,0,0,0,0,0,0,0.675,0,0,0,0,0,0,0,1,0,0,0,0,0,0,0,0,0,0,0,0,0,0,0,0,0,0,0,0.97,0,0.91,0,0,0,0,0,0,0.05,0,0,0,0,0,0.005,0,0,0,0,0,0,0,0.8,0,0,0,0,0,0,0,0,0,0,0,0,0,0,0,0,0,0,1,0,0,0,0,0.45,0,0,0,0,0,0,0.73,0,0,0,0,0,0,0,0,0,0,0,0,0,0,0,0,0,0,0,0,0,0,0,0,0,0,0
AID084,0.275,0.47,1,1,0.98,0.995,0,1,1,1,0.92,1,0.58,1,0,0.48,1,0.025,0.99,0.73,1,0.365,1,0.01,1,1,0,1,0,1,1,0,1,0,0,1,1,1,0.025,0.13,1,0,1,1,0.865,1,0,0.485,0.955,1,1,1,1,1,1,0.785,1,1,1,0.005,0.03,1,1,1,0.145,0.77,0,1,0.995,1,1,1,0,1,0.985,1,1,0.025,1,0,0.085,1,0.865,1,1,0,1,0,0,0,1,0,1,1,1,1,1,0,0,0,1,1,0.985,1,1,0,1,1,0,1,1,0,0,1,1,0.6,1,1,1,1,1,1,1,0.76,1,0,1,0.245,1,1,0.73,1,1,1,1,1,0.695,1,0,1,1,1,0.87,1,0,1,1,1,1,1,1,0,0.16,1,1,1,1,0,1,1,0,0,0.935,1,0.2,1,1,1,1,1,0.105,0.99,1,0.98,1,0,0.98,0,0.725,0.82,1,1,1
AID085,0.775,0.895,1,1,1,1,0.005,1,1,1,0.995,1,0.86,1,0,0.8,1,0.15,1,0.905,1,0.7,1,0.24,1,1,0,1,0,1,1,0,1,0,0.005,1,1,1,0.16,0.54,1,0,1,1,1,1,0,0.74,0.995,1,1,1,1,1,1,0.975,1,1,1,0.055,0.21,1,1,1,0.5,0.965,0,1,1,1,1,1,0,1,1,1,1,0.19,1,0.915,0,1,0.97,1,1,0,1,0.005,0,0,1,0,1,1,1,1,1,0,0,0.195,1,1,1,1,1,0,1,1,0.025,1,1,0.07,0,1,1,0.86,1,1,1,1,1,1,1,0.885,1,0,1,0.7,1,1,0.855,1,1,1,1,1,0.965,1,0,1,1,1,1,1,0,1,1,1,1,1,1,0.095,0.665,1,1,1,1,0,1,1,0,0,0.985,1,0.78,1,1,1,1,1,0.39,1,1,1,1,0.04,0.99,0,0.995,0.975,1,1,1
AID086,0,0,0,0,0,0,0,0,0,0,0,0,0,0,0,0,0,0,0,0,0,0,0,0,0,0,0,0,0,0,0,0,0,0,0,0,0,0,0,0,0,0,0,0,0,0,0,0,0,0,0,0,0,0,0,0,0,0,0,0,0,0,0,0,0,0,0,0,0,0,0,0,0,0,0,0,0,0,0,0,0,0,0,0,0,0,0,0,0,0,0,0,0,0,0,0,0,0,0,0,0,0,0,0,0,0,0,0,0,0,0,0,0,0,0,0,0,0,0,0,0,0,0,0,0,0,0,0,0,0,0,0,0,0,0,0,0,0,0,0,0,0,0,0,0,0,0,0,0,0,0,0,0,0,0,0,0,0,0,0,0,0,0,0,0,0,0,0,0,0,0,0,0,0,0,0,0,0,0,0,0,0,0
AID087,0.09,0.15,0.975,1,0.64,0.52,0,0.94,1,1,0.38,1,0.19,0.95,0,0.165,0.92,0.015,0.42,0.315,1,0.165,1,0.005,1,1,0,1,0,1,0.975,0,1,0,0,0.985,0.94,1,0.015,0.045,1,0,0.995,0.81,0.25,0.98,0,0.16,0.495,1,0.925,0.99,0.98,0.615,1,0.21,1,1,0.995,0,0.005,1,1,0.99,0.02,0.405,0,1,0.62,0.95,1,1,0,1,0.425,1,0.975,0,1,0.135,0.03,1,0,1,1,0,0.56,0,0,0,1,0,0.985,0.92,1,0.76,0.955,0,0,0.005,0.93,1,0.59,1,0.95,0,1,0.92,0,1,1,0.01,0,0.995,0.99,0.245,1,1,0.995,1,1,0.94,0.99,0.405,1,0,0.96,0.08,0.805,0.965,0.445,1,1,1,0.905,0.995,0.22,0.99,0,1,1,1,0.3,1,0,0.965,1,0.99,1,1,1,0.005,0.045,0.91,0.86,1,1,0,1,0.85,0,0,0.45,0.94,0.08,1,0.885,1,0.655,0.765,0.04,0.545,0.765,0.38,0.805,0,0.63,0,0.215,0.305,1,1,0.87
AID088,0,0,0,0.005,0,0,0,0,0.83,0,0,0,0,0,0,0,0,0,0,0,1,0,0.925,0,0.025,0.395,0,0.32,0,0,0,0,0.79,0,0,0,0,0.865,0,0,0.995,0,0,0,0,0,0,0,0,0.25,0,0.02,0,0,0.06,0,0.45,0.95,0,0,0,0.635,0,0,0,0,0,0.005,0,0,0,0.585,0,1,0,0.005,0,0,1,0,0,1,0,0,0,0,0,0,0,0,0,0,0,0,0,0,0,0,0,0,0,1,0,1,0,0,0.145,0,0,0,0.845,0,0,0,0,0,0.2,0.535,0,0.025,0.115,0,0,0,1,0,0,0,0,0,0,0.08,0,0.23,0,0,0,0,0,0,0,0.195,0,1,0,0,0.49,0.165,1,0,0,0,0,0,0,1,0.04,0,0.645,0,0,0,0,0,0,0.065,0,0,0,0,0,0,0,0,0,0,0,0,0,0,0.76,0,0
AID089,0,0,0.23,0.98,0,0,0,0.2,1,0.995,0,0.92,0,0.18,0,0,0.12,0,0,0,1,0,1,0,0.975,1,0,1,0,0.78,0.45,0,1,0,0,0.315,0.21,1,0,0,1,0,0.74,0.01,0,0.505,0,0,0,0.995,0.135,0.775,0.53,0,1,0,1,1,0.305,0,0,1,0.955,0.38,0,0,0,0.95,0,0.21,0.665,1,0,1,0,1,0.54,0,1,0,0,1,0,1,0,0,0,0,0,0,0.835,0,0.66,0.025,0.915,0,0.215,0,0,0,0.095,1,0,1,0.12,0,1,0.06,0,0.81,1,0,0,0.73,0.845,0,0.95,1,0.86,0.995,1,0.195,0.665,0.005,1,0,0.09,0,0.005,0.19,0,1,0.795,1,0.11,0.495,0,0.62,0,1,0.995,1,0,1,0,0.335,1,0.975,1,0.965,0.995,0,0,0.02,0.005,1,0.99,0,1,0.08,0,0,0,0.155,0,1,0.02,0.785,0,0,0,0,0.055,0,0.01,0,0.02,0,0,0,1,0.95,0.01
AID090,1,1,1,1,1,1,1,1,1,1,1,1,1,1,0.085,1,1,1,1,1,1,1,1,1,1,1,0.29,1,0.715,1,1,1,1,1,1,1,1,1,1,1,1,1,1,1,1,1,0,1,1,1,1,1,1,1,1,1,1,1,1,1,1,1,1,1,1,1,0.74,1,1,1,1,1,0.995,1,1,1,1,1,1,1,1,1,1,1,1,0,1,1,0.41,0.46,1,1,1,1,1,1,1,1,0.925,1,1,1,1,1,1,1,1,1,1,1,1,1,0.96,1,1,1,1,1,1,1,1,1,1,1,1,0.03,1,1,1,1,1,1,1,1,1,1,1,1,0.085,1,1,1,1,1,0.75,1,1,1,1,1,1,1,1,1,1,1,1,1,1,1,0.205,0.74,1,1,1,1,1,1,1,1,1,1,1,1,1,1,1,0.995,1,1,1,1,1
AID091,0,0.01,1,1,0.615,0.32,0,0.985,1,1,0.165,1,0.05,0.995,0,0.065,0.965,0,0.155,0.17,1,0.05,1,0,1,1,0,1,0,1,1,0,1,0,0,1,0.995,1,0,0,1,0,1,0.885,0.005,1,0,0.06,0.36,1,0.97,0.995,1,0.535,1,0.03,1,1,0.995,0,0,1,1,1,0.005,0.275,0,1,0.61,1,1,1,0,1,0.225,1,1,0,1,0,0,1,0.44,1,1,0,0,0,0,0,1,0,1,1,1,0.825,0.98,0,0,0,0.96,1,0.515,1,0.98,0,1,0.98,0,1,1,0,0,1,1,0.125,1,1,1,1,1,0.995,1,0.36,1,0,0.995,0.005,0.91,1,0.38,1,1,1,0.975,1,0.035,1,0,1,1,1,0.095,1,0,1,1,1,1,1,1,0,0,0.975,0.965,1,1,0,1,0.9,0,0,0.32,0.995,0,1,0.98,1,0.65,0.75,0.005,0.42,0.84,0.16,0.875,0,0.59,0,0.025,0.095,1,1,0.96
AID092,1,1,1,1,1,1,0.595,1,1,1,1,1,1,1,0,1,1,0.94,1,1,1,0.995,1,0.985,1,1,0,1,0,1,1,0.735,1,0.1,0.525,1,1,1,0.62,0.995,1,0.29,1,1,1,1,0,0.995,1,1,1,1,1,1,1,1,1,1,1,0.81,0.835,1,1,1,0.985,1,0,1,1,1,1,1,0.055,1,1,1,1,0.95,1,1,0.995,1,1,1,1,0,1,0,0,0,1,0.17,1,1,1,1,1,0.395,0,1,1,1,1,1,1,0.37,1,1,0.6,1,1,0.9,0,1,1,1,1,1,1,1,1,1,1,0.995,1,0,1,1,1,1,0.98,1,1,1,1,1,1,1,0,1,1,1,1,1,0,1,1,1,1,1,1,0.81,1,1,1,1,1,0.73,1,1,0,0,1,1,1,1,1,1,1,1,0.985,1,1,1,1,0.605,1,0.145,1,1,1,1,1
AID093,1,1,1,1,1,1,1,1,1,1,1,1,1,1,0.055,1,1,1,1,1,1,1,1,1,1,1,0.355,1,0.805,1,1,1,1,1,1,1,1,1,1,1,1,1,1,1,1,1,0,1,1,1,1,1,1,1,1,1,1,1,1,1,1,1,1,1,1,1,0.8,1,1,1,1,1,1,1,1,1,1,1,1,1,1,1,1,1,1,0.59,1,1,0,0.53,1,1,1,1,1,1,1,1,0.965,1,1,1,1,1,1,1,1,1,1,1,1,1,0.985,1,1,1,1,1,1,1,1,1,1,1,1,0.005,1,1,1,1,1,1,1,1,1,1,1,1,0.09,1,1,1,1,1,0.86,1,1,1,1,1,1,1,1,1,1,1,1,1,1,1,0.2,0.78,1,1,1,1,1,1,1,1,1,1,1,1,1,1,1,1,1,1,1,1,1
AID094,1,1,1,1,1,1,1,1,1,1,1,1,1,1,0.075,1,1,1,1,1,1,1,1,1,1,1,0.325,1,0.75,1,1,1,1,1,1,1,1,1,1,1,1,1,1,1,1,1,0.005,1,1,1,1,1,1,1,1,1,1,1,1,1,1,1,1,1,1,1,0.745,1,1,1,1,1,1,1,1,1,1,1,1,1,1,1,1,1,1,0.54,1,1,0.47,0,1,1,1,1,1,1,1,1,0.915,1,1,1,1,1,1,1,1,1,1,1,1,1,0.98,1,1,1,1,1,1,1,1,1,1,1,1,0.01,1,1,1,1,1,1,1,1,1,1,1,1,0.09,1,1,1,1,1,0.805,1,1,1,1,1,1,1,1,1,1,1,1,1,1,1,0.185,0.765,1,1,1,1,1,1,1,1,1,1,1,1,1,1,1,1,1,1,1,1,1
AID095,0,0,0.065,0.93,0,0,0,0.035,1,0.99,0,0.755,0,0.015,0,0,0.035,0,0,0,1,0,1,0,0.915,1,0,1,0,0.6,0.25,0,1,0,0,0.055,0.03,1,0,0,1,0,0.37,0,0,0.16,0,0,0,0.975,0.04,0.69,0.33,0,1,0,1,1,0.105,0,0,1,0.895,0.05,0,0,0,0.895,0,0.05,0.24,1,0,1,0,1,0.33,0,1,0,0,1,0,1,0.165,0,0,0,0,0,0,0,0.39,0,0.8,0,0.08,0,0,0,0.03,1,0,1,0.035,0,1,0.01,0,0.545,1,0,0,0.425,0.705,0,0.87,1,0.57,0.98,1,0.035,0.41,0,1,0,0,0,0,0.05,0,1,0.52,1,0.015,0.215,0,0.25,0,1,0.98,1,0,1,0,0.135,1,0.955,1,0.88,0.96,0,0,0.005,0,1,1,0,1,0.015,0,0,0,0.03,0,1,0,0.44,0,0,0,0,0.01,0,0,0,0.01,0,0,0,1,0.835,0
AID096,1,1,1,1,1,1,0.96,1,1,1,1,1,1,1,0,1,1,1,1,1,1,1,1,1,1,1,0,1,0,1,1,0.995,1,0.22,0.805,1,1,1,0.8,1,1,0.575,1,1,1,1,0,1,1,1,1,1,1,1,1,1,1,1,1,0.98,0.985,1,1,1,1,1,0.01,1,1,1,1,1,0.165,1,1,1,1,1,1,1,1,1,1,1,1,0,1,0.83,0,0,1,0,1,1,1,1,1,0.85,0.005,1,1,1,1,1,1,0.84,1,1,0.805,1,1,1,0.01,1,1,1,1,1,1,1,1,1,1,1,1,0,1,1,1,1,0.995,1,1,1,1,1,1,1,0,1,1,1,1,1,0,1,1,1,1,1,1,0.975,1,1,1,1,1,1,1,1,0,0.005,1,1,1,1,1,1,1,1,1,1,1,1,1,0.84,1,0.43,1,1,1,1,1
AID097,0,0,0.17,0.925,0.005,0,0,0.15,1,0.95,0,0.785,0,0.13,0,0,0.095,0,0,0,1,0,1,0,0.9,1,0,0.995,0,0.645,0.375,0,1,0,0,0.195,0.165,1,0,0,1,0,0.53,0,0,0.345,0,0,0,0.98,0.07,0.685,0.445,0,1,0,1,1,0.235,0,0,1,0.89,0.26,0,0,0,0.935,0,0.155,0.48,1,0,1,0,1,0.47,0,1,0,0,1,0.015,1,0.34,0,0,0,0,0,0.61,0,0,0.015,0.83,0.005,0.145,0,0,0,0.08,1,0,1,0.13,0,1,0.065,0,0.615,1,0,0,0.535,0.72,0,0.915,1,0.69,0.97,1,0.155,0.55,0.01,1,0,0.05,0,0.01,0.15,0.005,1,0.63,1,0.085,0.4,0,0.41,0,1,0.945,1,0,1,0,0.26,1,0.94,1,0.905,0.945,0,0,0.045,0.01,1,0.975,0,1,0.06,0,0,0,0.135,0,1,0.025,0.605,0,0.015,0,0,0.02,0,0.02,0,0.03,0,0,0,1,0.835,0.01
AID098,0,0,0.84,1,0.035,0,0,0.805,1,1,0,1,0,0.825,0,0,0.655,0,0,0,1,0,1,0,1,1,0,1,0,0.99,0.915,0,1,0,0,1,0.835,1,0,0,1,0,1,0.13,0,0.995,0,0,0,1,0.615,0.955,0.92,0.005,1,0,1,1,0.885,0,0,1,1,0.995,0,0,0,1,0.01,0.78,1,1,0,1,0,1,0.955,0,1,0,0,1,0.08,1,0.975,0,0,0,0,0,1,0,0.985,0,1,0.035,0.825,0,0,0,0.59,1,0.01,1,0.745,0,1,0.59,0,1,1,0,0,1,0.97,0,1,1,1,1,1,0.81,0.985,0.065,1,0,0.81,0,0.21,0.925,0.08,1,1,1,0.565,0.98,0,1,0,1,1,1,0,1,0,0.91,1,1,1,1,1,0,0,0.485,0.215,1,1,0,1,0.43,0,0,0.005,0.72,0,1,0.305,1,0.005,0.15,0,0.005,0.315,0,0.245,0,0.11,0,0,0,1,1,0.325
AID100,0,0,0.025,0.72,0,0,0,0.025,1,0.795,0,0.375,0,0.015,0,0,0.01,0,0,0,1,0,1,0,0.675,0.995,0,0.99,0,0.31,0.11,0,1,0,0,0.03,0.015,1,0,0,1,0,0.13,0,0,0.075,0,0,0,0.92,0.005,0.485,0.15,0,1,0,0.98,1,0.04,0,0,0.995,0.685,0.035,0,0,0,0.7,0,0.02,0.09,1,0,1,0,0.99,0.16,0,1,0,0,1,0,1,0.085,0,0,0,0,0,0.2,0,0.17,0,0,0,0.035,0,0,0,0.005,1,0,1,0.025,0,0.985,0,0,0.265,1,0,0,0.2,0.475,0,0.735,0.99,0.215,0.905,1,0.03,0.195,0,1,0,0.005,0,0,0.015,0,0.98,0.24,1,0.02,0.06,0,0.07,0,0.985,0.595,1,0,1,0,0.05,1,0.805,1,0.615,0.77,0,0,0.005,0,1,0.825,0,1,0.015,0,0,0,0.035,0,0.995,0,0.175,0,0,0,0,0,0,0,0,0,0,0,0,1,0.595,0
AID101,0,0,0.97,1,0.335,0.02,0,0.985,1,1,0.005,1,0,1,0,0.005,0.84,0,0.005,0.05,1,0,1,0,1,1,0,1,0,1,0.99,0,1,0,0,1,0.995,1,0,0,1,0,1,0.64,0,1,0,0,0.135,1,0.89,0.99,0.99,0.185,1,0,1,1,0.99,0,0,1,1,1,0,0.145,0,1,0.225,0.97,1,1,0,1,0.01,1,0.995,0,1,0,0,1,0.24,1,1,0,0.175,0,0,0,1,0,0.995,0.965,1,0,0.975,0,0,0,0.87,1,0.205,1,0.91,0,1,0.925,0,1,1,0,0,1,1,0.02,1,1,1,1,1,0.98,1,0.19,1,0,0.99,0,0.71,1,0.21,1,1,1,0.925,1,0,1,0,1,1,1,0.005,1,0,0.995,1,1,1,1,1,0,0,0.895,0.835,1,1,0,1,0.76,0,0,0.105,0.94,0,1,0.8,1,0.29,0.46,0,0.14,0.65,0,0.695,0,0.335,0,0,0.005,1,1,0.88
AID102,0,0,0.52,0.99,0.03,0,0,0.45,1,1,0,0.98,0,0.44,0,0,0.345,0,0,0.005,1,0,1,0,1,1,0,1,0,0.885,0.665,0,1,0,0,0.615,0.455,1,0,0,1,0,0.91,0.055,0,0.805,0,0,0.015,1,0.315,0.83,0.715,0,1,0,1,1,0.565,0,0,1,0.99,0.725,0,0.005,0,0.99,0.02,0.465,0.865,1,0,1,0,1,0.79,0,1,0,0,1,0.045,1,0.785,0,0.02,0,0,0,0.92,0,0.855,0.175,0.965,0.025,0,0,0,0,0.28,1,0.005,1,0.385,0,1,0.255,0,0.89,1,0,0,0.845,0.885,0,0.985,1,0.95,1,1,0.425,0.84,0.03,1,0,0.335,0,0.1,0.525,0.02,1,0.87,1,0.32,0.71,0,0.825,0,1,1,1,0,1,0,0.57,1,0.98,1,0.995,1,0,0,0.17,0.085,1,1,0,1,0.21,0,0,0,0.37,0,1,0.14,0.91,0.015,0.065,0,0,0.165,0,0.1,0,0.075,0,0,0,1,0.97,0.1
AID103,1,1,1,1,1,1,0.85,1,1,1,1,1,1,1,0,1,1,1,1,1,1,1,1,1,1,1,0,1,0,1,1,0.975,1,0.065,0.61,1,1,1,0.695,1,1,0.3,1,1,1,1,0,1,1,1,1,1,1,1,1,1,1,1,1,0.95,0.915,1,1,1,1,1,0,1,1,1,1,1,0.08,1,1,1,1,1,1,1,1,1,1,1,1,0,1,0.605,0,0,1,0.15,1,1,1,1,1,0,0,1,1,1,1,1,1,0.52,1,1,0.7,1,1,0.97,0,1,1,1,1,1,1,1,1,1,1,1,1,0,1,1,1,1,0.995,1,1,1,1,1,1,1,0,1,1,1,1,1,0,1,1,1,1,1,1,0.915,1,1,1,1,1,0.93,1,1,0,0,1,1,1,1,1,1,1,1,1,1,1,1,1,0.735,1,0.14,1,1,1,1,1
AID104,1,1,1,1,1,1,1,1,1,1,1,1,1,1,0,1,1,1,1,1,1,1,1,1,1,1,0.06,1,0.18,1,1,1,1,0.95,0.99,1,1,1,0.96,1,1,0.97,1,1,1,1,0,1,1,1,1,1,1,1,1,1,1,1,1,1,1,1,1,1,1,1,0.36,1,1,1,1,1,0.85,1,1,1,1,1,1,1,1,1,1,1,1,0.075,1,1,0.035,0.085,1,0.995,1,1,1,1,1,1,0,1,1,1,1,1,1,1,1,1,1,1,1,1,0.695,1,1,1,1,1,1,1,1,1,1,1,1,0,1,1,1,1,1,1,1,1,1,1,1,1,0.005,1,1,1,1,1,0.215,1,1,1,1,1,1,1,1,1,1,1,1,1,1,1,0.035,0.29,1,1,1,1,1,1,1,1,1,1,1,1,1,1,1,0.985,1,1,1,1,1
AID105,0.975,1,1,1,1,1,0.005,1,1,1,1,1,0.965,1,0,0.935,1,0.26,1,0.945,1,0.79,1,0.445,1,1,0,1,0,1,1,0.005,1,0,0.005,1,1,1,0.205,0.71,1,0,1,1,1,1,0,0.825,1,1,1,1,1,1,1,1,1,1,1,0.11,0.23,1,1,1,0.675,0.99,0,1,1,1,1,1,0,1,1,1,1,0.35,1,1,0.805,1,0.995,1,1,0,1,0,0,0,1,0,1,1,1,1,1,0,0,0,1,1,1,1,1,0,1,1,0.075,1,1,0.105,0,1,1,0.955,1,1,1,1,1,1,1,0.95,1,0,1,0.81,1,1,0.925,1,1,1,1,1,0.99,1,0,1,1,1,1,1,0,1,1,1,1,1,1,0.16,0.995,1,1,1,1,0,1,1,0,0,1,1,0.975,1,1,1,1,1,0.645,1,1,1,1,0.06,1,0,1,0.995,1,1,1
AID106,0,0,0.7,1,0.09,0,0,0.64,1,1,0,0.99,0,0.67,0,0,0.56,0,0,0.01,1,0,1,0,0.995,1,0,1,0,0.975,0.805,0,1,0,0,0.84,0.66,1,0,0,1,0,0.96,0.225,0,0.875,0,0,0.04,1,0.485,0.92,0.845,0.025,1,0,1,1,0.76,0,0,1,1,0.86,0,0.04,0,0.985,0.06,0.645,0.95,1,0,1,0.01,1,0.91,0,1,0,0,1,0.07,1,0.905,0,0.04,0,0,0,0.97,0,0.92,0.41,0.995,0.13,0.72,0,0,0,0,1,0.05,1,0.585,0,1,0.48,0,0.975,1,0,0,0.935,0.935,0.01,0.99,1,0.98,1,1,0.675,0.93,0.07,1,0,0.6,0,0.275,0.74,0.085,1,0.985,1,0.495,0.885,0.005,0.97,0,1,1,1,0,1,0,0.78,1,1,1,1,1,0,0,0.405,0.305,1,1,0,1,0.42,0,0,0.025,0.62,0,1,0.295,0.975,0.065,0.19,0,0.03,0.28,0,0.24,0,0.155,0,0,0,1,1,0.315
AID107,0,0,0,0,0,0,0,0,0,0,0,0,0,0,0,0,0,0,0,0,0.145,0,0,0,0,0,0,0,0,0,0,0,0,0,0,0,0,0.005,0,0,0.005,0,0,0,0,0,0,0,0,0,0,0,0,0,0,0,0,0,0,0,0,0,0,0,0,0,0,0,0,0,0,0,0,0.24,0,0,0,0,0.03,0,0,1,0,0,0,0,0,0,0,0,0,0,0,0,0,0,0,0,0,0,0,0,0,0.555,0,0,0,0,0,0,0.005,0,0,0,0,0,0,0,0,0,0,0,0,0,0.32,0,0,0,0,0,0,0,0,0,0,0,0,0,0,0,0,0,0,0.985,0,0,0,0,0,0,0,0,0,0,0,0.365,0,0,0,0,0,0,0,0,0,0,0,0,0,0,0,0,0,0,0,0,0,0,0,0,0,0,0
AID109,0,0.005,1,1,0.585,0.315,0,0.985,1,1,0.145,1,0.035,1,0,0.045,0.965,0,0.185,0.15,1,0.025,1,0,1,1,0,1,0,1,1,0,1,0,0,1,1,1,0,0,1,0,1,0.87,0.015,1,0,0.06,0.34,1,0.955,1,0.995,0.56,1,0.075,1,1,0.995,0,0,1,1,1,0.005,0.245,0,1,0.56,0.99,1,1,0,1,0.23,1,1,0,1,0.015,0,1,0.41,1,1,0,0.485,0,0,0,1,0,1,0.99,1,0.795,0.995,0,0,0,0.95,1,0,1,0.965,0,1,0.97,0,1,1,0,0,1,1,0.095,1,1,1,1,1,0.995,1,0.335,1,0,1,0.005,0.865,1,0.345,1,1,1,0.975,1,0.045,1,0,1,1,1,0.08,1,0,1,1,1,1,1,1,0,0,0.975,0.965,1,1,0,1,0.915,0,0,0.26,0.96,0,1,0.925,1,0.595,0.675,0,0.45,0.85,0.13,0.825,0,0.57,0,0.01,0.07,1,1,0.98
AID110,0,0,0,0,0,0,0,0,0,0,0,0,0,0,0,0,0,0,0,0,0.195,0,0,0,0,0,0,0,0,0,0,0,0,0,0,0,0,0.05,0,0,0,0,0,0,0,0,0,0,0,0,0,0,0,0,0,0,0,0,0,0,0,0,0,0,0,0,0,0,0,0,0,0,0,0.265,0,0,0,0,0.09,0,0,1,0,0,0,0,0,0,0,0,0,0,0,0,0,0,0,0,0,0,0,0.445,0,0,0,0,0,0,0,0,0,0,0,0,0,0,0,0,0,0,0,0,0,0,0.33,0,0,0,0,0,0,0,0,0,0,0,0,0,0,0,0,0,0,0.945,0,0,0,0,0.075,0,0,0,0,0,0,0.375,0,0,0,0,0,0,0,0,0,0,0,0,0,0,0,0,0,0,0,0,0,0,0,0,0,0,0
AID111,0,0,0.65,1,0.04,0.005,0,0.59,1,1,0,0.995,0,0.585,0,0,0.425,0,0,0,1,0,1,0,0.995,1,0,1,0,0.95,0.765,0,1,0,0,0.785,0.625,1,0,0,1,0,0.935,0.145,0,0.84,0,0,0.005,1,0.455,0.88,0.745,0.025,1,0,1,1,0.635,0,0,1,0.99,0.845,0,0.005,0,0.995,0.015,0.54,0.91,1,0,1,0,1,0.81,0,1,0,0,1,0.05,1,0.88,0,0.02,0,0,0,0.965,0,0.87,0.255,0.975,0.09,0.615,0,0,0,0.415,1,0.035,1,0,0,1,0.4,0,0.955,1,0,0,0.935,0.94,0,0.985,1,0.965,1,1,0.57,0.905,0.06,1,0,0.49,0,0.17,0.66,0.055,1,0.955,1,0.435,0.79,0,0.935,0,1,1,1,0,1,0,0.675,1,0.995,1,0.995,1,0,0,0.315,0.2,1,1,0,1,0.33,0,0,0.015,0.52,0,1,0.245,0.95,0.015,0.125,0,0.015,0.215,0,0.185,0,0.13,0,0,0,1,1,0.26
AID112,1,1,1,1,1,1,0.865,1,1,1,1,1,1,1,0,1,1,0.99,1,1,1,1,1,1,1,1,0,1,0,1,1,0.93,1,0.08,0.595,1,1,1,0.705,1,1,0.355,1,1,1,1,0,1,1,1,1,1,1,1,1,1,1,1,1,0.93,0.895,1,1,1,1,1,0,1,1,1,1,1,0.095,1,1,1,1,1,1,1,1,1,1,1,1,0,1,0.63,0,0,1,0.16,1,1,1,1,1,0.48,0,1,1,1,1,1,1,0,1,1,0.7,1,1,0.965,0,1,1,1,1,1,1,1,1,1,1,1,1,0,1,1,1,1,0.99,1,1,1,1,1,1,1,0,1,1,1,1,1,0,1,1,1,1,1,1,0.91,1,1,1,1,1,0.95,1,1,0,0,1,1,1,1,1,1,1,1,1,1,1,1,1,0.735,1,0.16,1,1,1,1,1
AID113,0,0,0,0.145,0,0,0,0,0.955,0.16,0,0.015,0,0,0,0,0,0,0,0,1,0,0.995,0,0.125,0.74,0,0.685,0,0.01,0,0,0.94,0,0,0,0,0.985,0,0,0.995,0,0,0,0,0,0,0,0,0.45,0,0.11,0,0,0.665,0,0.765,0.985,0,0,0,0.86,0.085,0,0,0,0,0.11,0,0,0,0.86,0,1,0,0.37,0,0,1,0,0,1,0,0.855,0,0,0,0,0,0,0,0,0,0,0.015,0,0,0,0,0,0,1,0,1,0,0,0,0,0,0.005,0.945,0,0,0,0.02,0,0.36,0.85,0,0.245,0.655,0,0,0,1,0,0,0,0,0,0,0.47,0.005,0.715,0,0,0,0,0,0.255,0.005,0.76,0,1,0,0,0.9,0.41,1,0.045,0.085,0,0,0,0,1,0.3,0,0.905,0,0,0,0,0,0,0.56,0,0,0,0,0,0,0,0,0,0,0,0,0,0,0.97,0.08,0
AID114,0,0,0.755,0.995,0.085,0.005,0,0.7,1,1,0,0.995,0,0.715,0,0,0.56,0,0,0,1,0,1,0,0.995,1,0,1,0,0.945,0.83,0,1,0,0,0.895,0.695,1,0,0,1,0,0.98,0.2,0,0.91,0,0,0.015,1,0.52,0.925,0.89,0.025,1,0,1,1,0.8,0,0,1,1,0.92,0,0.025,0,0.995,0.045,0.665,0.975,1,0,1,0,1,0.915,0,1,0,0,1,0.08,1,0.94,0,0.02,0,0,0,0.99,0,0.935,0.41,1,0.075,0.745,0,0,0,0.52,1,0.03,1,0.6,0,1,0,0,0.97,1,0,0,0.975,0.96,0.005,0.99,1,0.99,1,1,0.63,0.935,0.065,1,0,0.655,0,0.2,0.795,0.09,1,0.99,1,0.515,0.915,0,0.98,0,1,1,1,0,1,0,0.805,1,1,1,1,1,0,0,0.38,0.285,1,1,0,1,0.445,0,0,0.015,0.635,0,1,0.28,0.99,0.045,0.17,0,0.03,0.315,0,0.23,0,0.1,0,0,0,1,1,0.345
AID115,0.99,0.995,1,1,1,1,0.505,1,1,1,1,1,0.995,1,0,0.985,1,0.84,1,0.995,1,0.96,1,0.915,1,1,0,1,0.005,1,1,0.65,1,0.11,0.43,1,1,1,0.53,0.955,1,0.26,1,1,1,1,0,0.94,1,1,1,1,1,1,1,1,1,1,1,0.69,0.68,1,1,1,0.915,0.99,0.01,1,1,1,1,1,0.095,1,1,1,1,0.865,1,1,0.975,1,1,1,1,0,1,0.4,0,0,1,0.195,1,1,1,1,1,0.3,0,0.925,1,1,1,1,1,0.3,1,1,0,1,1,0.75,0.015,1,1,1,1,1,1,1,1,1,1,0.985,1,0,1,0.965,1,1,0.98,1,1,1,1,1,1,1,0,1,1,1,1,1,0.01,1,1,1,1,1,1,0.66,0.97,1,1,1,1,0.575,1,1,0,0.005,1,1,0.985,1,1,1,1,1,0.93,1,1,1,1,0.505,1,0.155,1,1,1,1,1
AID116,0,0,0.095,0.845,0,0,0,0.065,1,0.905,0,0.665,0,0.045,0,0,0.055,0,0,0,1,0,1,0,0.84,1,0,1,0,0.475,0.235,0,1,0,0,0.135,0.07,1,0,0,1,0,0.36,0,0,0.21,0,0,0,0.97,0.055,0.655,0.32,0,1,0,0.995,1,0.135,0,0,1,0.825,0.135,0,0,0,0.85,0,0.095,0.305,1,0,1,0,1,0.33,0,1,0,0,1,0,1,0.19,0,0,0,0,0,0.455,0,0.385,0,0.735,0,0.11,0,0,0,0.025,1,0,1,0.045,0,0.995,0.03,0,0,1,0,0,0.4,0.64,0,0.86,1,0.495,0.96,1,0.065,0.395,0,1,0,0.005,0,0,0.09,0,1,0.42,1,0.04,0.235,0,0.255,0,0.995,0.855,1,0,1,0,0.18,1,0.895,1,0.79,0.915,0,0,0.005,0,1,0.93,0,1,0.04,0,0,0,0.065,0,1,0.005,0.4,0,0,0,0,0.015,0,0.01,0,0.005,0,0,0,1,0.75,0
AID117,0,0,0,0,0,0,0,0,0.405,0,0,0,0,0,0,0,0,0,0,0,0.975,0,0.32,0,0.005,0.11,0,0.085,0,0,0,0,0.275,0,0,0,0,0.66,0,0,0.71,0,0,0,0,0,0,0,0,0.095,0,0.005,0,0,0.02,0,0.195,0.395,0,0,0,0.27,0,0,0,0,0,0.005,0,0,0,0.21,0,0.97,0,0.01,0,0,0.95,0,0,1,0,0.155,0,0,0,0,0,0,0,0,0,0,0,0,0,0,0,0,0,0.995,0,1,0,0,0.055,0,0,0,0,0,0,0,0,0,0.105,0.17,0,0.025,0.05,0,0,0,0.99,0,0,0,0,0,0,0.035,0,0.095,0,0,0,0,0,0,0,0.115,0,1,0,0,0.18,0.065,0.95,0,0,0,0,0,0,0.97,0.02,0,0.265,0,0,0,0,0,0,0.025,0,0,0,0,0,0,0,0,0,0,0,0,0,0,0.245,0,0
AID118,0.98,1,1,1,1,1,0.18,1,1,1,1,1,0.975,1,0,0.98,1,0.63,1,0.98,1,0.9,1,0.77,1,1,0,1,0,1,1,0.31,1,0.01,0.19,1,1,1,0.37,0.89,1,0.01,1,1,1,1,0,0.94,1,1,1,1,1,1,1,1,1,1,1,0.43,0.525,1,1,1,0.865,0.995,0,1,1,1,1,1,0.01,1,1,1,1,0.665,1,1,0.93,1,0.99,1,1,0,1,0.1,0,0,1,0,1,1,1,1,1,0.03,0,0.895,1,1,1,1,1,0.035,1,1,0.25,1,1,0,0,1,1,0.975,1,1,1,1,1,1,1,0.975,1,0,1,0.96,1,1,0.96,1,1,1,1,1,1,1,0,1,1,1,1,1,0,1,1,1,1,1,1,0.435,0.975,1,1,1,1,0.225,1,1,0,0,1,1,0.985,1,1,1,1,1,0.88,1,1,1,1,0.245,1,0.01,1,1,1,1,1
AID119,1,1,1,1,1,1,1,1,1,1,1,1,1,1,0,1,1,1,1,1,1,1,1,1,1,1,0.015,1,0.105,1,1,1,1,0.895,0.965,1,1,1,0.95,1,1,0.955,1,1,1,1,0,1,1,1,1,1,1,1,1,1,1,1,1,1,1,1,1,1,1,1,0.25,1,1,1,1,1,0.74,1,1,1,1,1,1,1,1,1,1,1,1,0.04,1,1,0.015,0.02,1,0.99,1,1,1,1,1,1,0.305,1,1,1,1,1,1,1,1,1,0.985,1,1,1,0,1,1,1,1,1,1,1,1,1,1,1,1,0,1,1,1,1,1,1,1,1,1,1,1,1,0,1,1,1,1,1,0.105,1,1,1,1,1,1,0.995,1,1,1,1,1,1,1,1,0.02,0.185,1,1,1,1,1,1,1,1,1,1,1,1,1,0.985,1,0.965,1,1,1,1,1
AID120,0,0,0.11,0.91,0,0,0,0.11,1,0.95,0,0.76,0,0.085,0,0,0.055,0,0,0,1,0,1,0,0.9,1,0,1,0,0.615,0.305,0,1,0,0,0.13,0.085,1,0,0,1,0,0.45,0,0,0.3,0,0,0,0.97,0.045,0.71,0.38,0,1,0,1,1,0.165,0,0,1,0.885,0.185,0,0,0,0.88,0,0.12,0.4,1,0,1,0,1,0.41,0,1,0,0,1,0.005,1,0.27,0,0,0,0,0,0.575,0,0.465,0,0.8,0,0.155,0,0,0,0.065,1,0,1,0.065,0,1,0.025,0,0.6,1,0,0,0,0.69,0,0.87,1,0.565,0.98,1,0.09,0.43,0,1,0,0.035,0,0,0.12,0,1,0.55,1,0.045,0.32,0,0.345,0,1,0.95,1,0,1,0,0.195,1,0.94,1,0.875,0.95,0,0,0,0,1,0.975,0,1,0.045,0,0,0,0.095,0,1,0,0.5,0,0,0,0,0.025,0,0,0,0,0,0,0,1,0.855,0
AID121,0,0,0.095,0.695,0.005,0,0,0.1,1,0.79,0,0.4,0,0.065,0,0,0.06,0,0,0,1,0,1,0,0.645,0.985,0,0.985,0,0.375,0.215,0,0.995,0,0,0.11,0.09,1,0,0,1,0,0.25,0.005,0,0.155,0,0,0,0.9,0.055,0.52,0.235,0,0.995,0,0.965,1,0.11,0,0,0.985,0.645,0.13,0,0,0,0.68,0,0.095,0.21,1,0,1,0,0.96,0.27,0,1,0,0,1,0.01,1,0.155,0,0,0,0,0,0.295,0,0.28,0.03,0.525,0,0.115,0,0,0,0.065,1,0,1,0.06,0,0.98,0.04,0,0.36,1,0,0,0.31,0,0,0.76,0.99,0.33,0.88,0.995,0.065,0.255,0.005,1,0,0.05,0,0.005,0.085,0.01,0.975,0.315,0.995,0.045,0.165,0,0.215,0,0.955,0.605,0.99,0,1,0,0.095,1,0.82,1,0.605,0.735,0,0,0.03,0.01,1,0.845,0,0.995,0.06,0,0,0,0.065,0,0.985,0.015,0.26,0.005,0.01,0,0,0.025,0,0.01,0,0.005,0,0,0,1,0.595,0.005
AID122,0.23,0.36,1,1,0.89,0.865,0,1,1,1,0.66,1,0.415,1,0,0.36,0.99,0.04,0.695,0.55,1,0.31,1,0.065,1,1,0,1,0,1,1,0.005,1,0,0,1,1,1,0.045,0.17,1,0,1,0.995,0.55,1,0,0.405,0.745,1,0.995,1,1,0.91,1,0.495,1,1,1,0.035,0.065,1,1,1,0.17,0.635,0,1,0.935,1,1,1,0,1,0.72,1,1,0.025,1,0.4,0.14,1,0.755,1,1,0,0.875,0,0,0,1,0,1,1,1,0.98,1,0,0,0.045,0.99,1,0.905,1,1,0,1,0.995,0,1,1,0.025,0,1,1,0,1,1,1,1,1,0.995,1,0.67,1,0,1,0.225,0.995,1,0.685,1,1,1,0.99,1,0.48,1,0,1,1,1,0.61,1,0,1,1,1,1,1,1,0.03,0.125,0.995,1,1,1,0,1,0.98,0,0,0.675,0.995,0.19,1,0.99,1,0.935,0.965,0.1,0.86,0.975,0.71,0.975,0.005,0.86,0,0.485,0.6,1,1,0.995
AID123,0,0,0.02,0.375,0,0,0,0.015,0.91,0.405,0,0.17,0,0.015,0,0,0.01,0,0,0,1,0,0.89,0,0.38,0.76,0,0.755,0,0.19,0.06,0,0.895,0,0,0.01,0.005,0.95,0,0,0.965,0,0.08,0,0,0.06,0,0,0,0.66,0,0.285,0.08,0,0.715,0,0.75,0.915,0.025,0,0,0.825,0.365,0.025,0,0,0,0.36,0,0.015,0.085,0.825,0,1,0,0.59,0.085,0,0.995,0,0,1,0,0.8,0.05,0,0,0,0,0,0.13,0,0.085,0,0.265,0,0.015,0,0,0,0.01,1,0,1,0.015,0,0.64,0.01,0,0.14,0.895,0,0,0.13,0.24,0,0,0.795,0.145,0.51,0.715,0.02,0.105,0,1,0,0,0,0,0.01,0,0.625,0.13,0.735,0.01,0.065,0,0.085,0,0.585,0.28,0.735,0,1,0,0.04,0.815,0.51,1,0.295,0.415,0,0,0,0,1,0.52,0,0.84,0.015,0,0,0,0.015,0,0.69,0,0.12,0,0,0,0,0,0,0.005,0,0,0,0,0,0.865,0.295,0
AID124,0,0,0,0.02,0,0,0,0,0.79,0.015,0,0,0,0,0,0,0,0,0,0,1,0,0.805,0,0.035,0.365,0,0.35,0,0,0,0,0.685,0,0,0,0,0.88,0,0,0.95,0,0,0,0,0,0,0,0,0.26,0,0.03,0,0,0.195,0,0.46,0.83,0,0,0,0.58,0.005,0,0,0,0,0.03,0,0,0,0.585,0,1,0,0.09,0,0,1,0,0,1,0,0.465,0,0,0,0,0,0,0,0,0,0,0.01,0,0,0,0,0,0,1,0,1,0,0,0.15,0,0,0,0.83,0,0,0,0.01,0,0.205,0,0,0.07,0.2,0,0,0,1,0,0,0,0,0,0,0.155,0,0.29,0,0,0,0,0,0.03,0,0.265,0,1,0,0,0.43,0.18,1,0,0.015,0,0,0,0,1,0.08,0,0.585,0,0,0,0,0,0,0.145,0,0,0,0,0,0,0,0,0,0,0,0,0,0,0.68,0.005,0
AID125,0,0,0.055,0.905,0,0,0,0.055,1,0.98,0,0.675,0,0.015,0,0,0.02,0,0,0,1,0,1,0,0.91,1,0,1,0,0.525,0.205,0,1,0,0,0.035,0.02,1,0,0,1,0,0.265,0,0,0.14,0,0,0,0.98,0.015,0.695,0.305,0,1,0,1,1,0.09,0,0,1,0.87,0.095,0,0,0,0.845,0,0.05,0.245,1,0,1,0,1,0.285,0,1,0,0,1,0.005,1,0.14,0,0,0,0,0,0.43,0,0.31,0,0.785,0,0.05,0,0,0,0.02,1,0,1,0.035,0,1,0.01,0,0.505,1,0,0,0.435,0.67,0,0.855,1,0,0.975,1,0.025,0.34,0,1,0,0.005,0,0,0.02,0,1,0.41,1,0.02,0.195,0,0.195,0,1,0.935,1,0,1,0,0.1,1,0.915,1,0.83,0.955,0,0,0,0,1,0.985,0,1,0.025,0,0,0,0.025,0,1,0,0.36,0,0,0,0,0.005,0,0,0,0.005,0,0,0,1,0.76,0
AID126,0,0,0,0.3,0,0,0,0,1,0.38,0,0.05,0,0,0,0,0.005,0,0,0,1,0,1,0,0.3,0.905,0,0.845,0,0.055,0.005,0,0.985,0,0,0,0.005,1,0,0,1,0,0.005,0,0,0,0,0,0,0.66,0,0.26,0.035,0,0.915,0,0.83,1,0.005,0,0,0.91,0.26,0,0,0,0,0.305,0,0,0.01,0.98,0,1,0,0.655,0.025,0,1,0,0,1,0,0.975,0.005,0,0,0,0,0,0.02,0,0.03,0,0.095,0,0,0,0,0,0,1,0,1,0,0,0.755,0,0,0.04,0.975,0,0,0.02,0.12,0,0.49,0.93,0.025,0,0.885,0,0.02,0,1,0,0,0,0,0,0,0.71,0.02,0.9,0,0.015,0,0.005,0,0.585,0.115,0.98,0,1,0,0,0.99,0.545,1,0.205,0.27,0,0,0,0,1,0.505,0,0.99,0,0,0,0,0,0,0.825,0,0.005,0,0,0,0,0,0,0,0,0,0,0,0,0.995,0.19,0
AID127,0,0,0,0.06,0,0,0,0,0.95,0.04,0,0,0,0,0,0,0,0,0,0,1,0,1,0,0.08,0.69,0,0.62,0,0,0,0,0.955,0,0,0,0,0.985,0,0,1,0,0,0,0,0,0,0,0,0.435,0,0.065,0,0,0.52,0,0.665,0.985,0,0,0,0.765,0.04,0,0,0,0,0.08,0,0,0,0.815,0,1,0,0.13,0,0,1,0,0,1,0,0.885,0,0,0,0,0,0,0,0,0,0,0,0,0,0,0,0,0,1,0,1,0,0,0.345,0,0,0,0.95,0,0,0,0.005,0,0.285,0.8,0,0.115,0,0,0,0,1,0,0,0,0,0,0,0.3,0,0.585,0,0,0,0,0,0.05,0,0.635,0,1,0,0,0.92,0.3,1,0.005,0.005,0,0,0,0,1,0.17,0,0.9,0,0,0,0,0,0,0.38,0,0,0,0,0,0,0,0,0,0,0,0,0,0,0.95,0,0
AID128,0,0,0.61,0.985,0.03,0,0,0.535,1,0.995,0,0.985,0,0.525,0,0,0.39,0,0,0,1,0,1,0,1,1,0,1,0,0.91,0.745,0,1,0,0,0.76,0.565,1,0,0,1,0,0.905,0.085,0,0.825,0,0,0.005,1,0.325,0.87,0.79,0.005,1,0,1,1,0.635,0,0,1,1,0.805,0,0.005,0,1,0.015,0.53,0.905,1,0,1,0,1,0.805,0,1,0,0,1,0.06,1,0.805,0,0.005,0,0,0,0.965,0,0.845,0.19,0.97,0.02,0.575,0,0,0,0.325,1,0.005,1,0.43,0,1,0.37,0,0.935,1,0,0,0.91,0.935,0.005,0.98,1,0.975,1,1,0,0.875,0.035,1,0,0.435,0,0.1,0.57,0.03,1,0.93,1,0.365,0.83,0,0.905,0,1,1,1,0.005,1,0,0.635,1,0.995,1,0.995,1,0,0,0.245,0.1,1,1,0,1,0.295,0,0,0.02,0.41,0,1,0.145,0.96,0.015,0.055,0,0,0.16,0,0.125,0,0.065,0,0,0,1,0.995,0.16
AID130,0,0,0.16,0.915,0,0,0,0.165,1,0.975,0,0.795,0,0.13,0,0,0.075,0,0,0,1,0,1,0,0.885,1,0,1,0,0.665,0.375,0,1,0,0,0.175,0.12,1,0,0,1,0,0.48,0.005,0,0.325,0,0,0,0.97,0.065,0.705,0.42,0,1,0,1,1,0.23,0,0,1,0.905,0.215,0,0,0,0.89,0,0.12,0.41,1,0,1,0,1,0.44,0,1,0,0,1,0.01,1,0.335,0,0,0,0,0,0.59,0,0.45,0.015,0.805,0,0.16,0,0,0,0.07,1,0,1,0.095,0,1,0.065,0,0.605,1,0,0,0.57,0.745,0,0.895,1,0.66,0.98,1,0.125,0,0.01,1,0,0.075,0,0.01,0.15,0.005,1,0.58,1,0.08,0.36,0,0.415,0,1,0.945,1,0,1,0,0.25,1,0.93,1,0.885,0.93,0,0,0.02,0.005,1,0.975,0,1,0.06,0,0,0.005,0.105,0,1,0.025,0.565,0,0.005,0,0,0.025,0,0.01,0,0.01,0,0,0,1,0.86,0.015
AID131,0.15,0.25,0.975,1,0.665,0.58,0.005,0.985,1,1,0.42,1,0.27,0.975,0,0.255,0.935,0.025,0.495,0.375,1,0.24,1,0.065,1,1,0,1,0,1,0.98,0.005,1,0,0.005,0.995,0.975,1,0.025,0.12,1,0,1,0.85,0.315,0.995,0,0.27,0.555,1,0.945,0.99,0.99,0.7,1,0.33,1,1,0.995,0.015,0.04,1,1,0.995,0.12,0.495,0,1,0.67,0.99,1,1,0,1,0.53,1,0.99,0.045,1,0.24,0.115,1,0.595,1,0.995,0,0.64,0.005,0,0,1,0,0.99,0.935,1,0.81,0.97,0,0,0.05,0.93,1,0.665,1,0.94,0,1,0.935,0.015,1,1,0.025,0,1,0.995,0.33,1,1,1,1,1,0.965,0.99,0,1,0,0.975,0.14,0.865,0.98,0.54,1,1,1,0.93,0.99,0.29,1,0,1,1,1,0.385,1,0,0.985,1,1,1,1,1,0.02,0.14,0.94,0.885,1,1,0.005,1,0.89,0,0,0.485,0.94,0.155,1,0.9,1,0.685,0.795,0.095,0.635,0.825,0.46,0.85,0.01,0.7,0,0.31,0.385,1,1,0.92
AID132,0,0,0,0,0,0,0,0,0.005,0,0,0,0,0,0,0,0,0,0,0,0.305,0,0,0,0,0,0,0,0,0,0,0,0,0,0,0,0,0.1,0,0,0.01,0,0,0,0,0,0,0,0,0,0,0,0,0,0,0,0,0,0,0,0,0,0,0,0,0,0,0,0,0,0,0,0,0.415,0,0,0,0,0.2,0,0,1,0,0,0,0,0,0,0,0,0,0,0,0,0,0,0,0,0,0,0,0.68,0,0.67,0,0,0,0,0,0,0.01,0,0,0,0,0,0,0,0,0,0,0,0,0,0,0,0,0,0,0,0,0,0,0,0,0,0,0,0,0,0,0,0,0.965,0,0,0,0,0.135,0,0,0,0,0,0,0.545,0,0,0,0,0,0,0,0,0,0,0,0,0,0,0,0,0,0,0,0,0,0,0,0,0,0,0
AID133,1,1,1,1,1,1,1,1,1,1,1,1,1,1,0.815,1,1,1,1,1,1,1,1,1,1,1,0.795,1,0.995,1,1,1,1,1,1,1,1,1,1,1,1,1,1,1,1,1,0.125,1,1,1,1,1,1,1,1,1,1,1,1,1,1,1,1,1,1,1,0.99,1,1,1,1,1,1,1,1,1,1,1,1,1,1,1,1,1,1,0.97,1,1,0.995,0.99,1,1,1,1,1,1,1,1,1,1,1,1,1,1,1,1,1,1,1,1,1,1,1,1,1,1,1,1,1,1,1,1,1,1,1,0,1,1,1,1,1,1,1,1,1,1,1,1,0.725,1,1,1,1,1,1,1,1,1,1,1,1,1,1,1,1,1,1,1,1,1,0.635,0.995,1,1,1,1,1,1,1,1,1,1,1,1,1,1,1,1,1,1,1,1,1
AID134,0,0,0.66,0.995,0.01,0,0,0.605,1,1,0,1,0,0.645,0,0,0.43,0,0,0,1,0,1,0,1,1,0,1,0,0.955,0.82,0,1,0,0,0.865,0.635,1,0,0,1,0,0.97,0.065,0,0.94,0,0,0,1,0.405,0.905,0.85,0,1,0,1,1,0.725,0,0,1,1,0.93,0,0,0,0.995,0,0.56,0.975,1,0,1,0,1,0.845,0,1,0,0,1,0.04,1,0.91,0,0.005,0,0,0,1,0,0.95,0.19,0.995,0.01,0.665,0,0,0,0.4,1,0,1,0.51,0,1,0.345,0,0.995,1,0,0,0.965,0.95,0,1,1,0.995,1,1,0.565,0.925,0.025,1,0,0,0,0.095,0.69,0.035,1,0.985,1,0.395,0.88,0,0.99,0,1,1,1,0,1,0,0.72,1,1,1,1,1,0,0,0.265,0.075,1,1,0,1,0.295,0,0,0.005,0.495,0,1,0.16,0.995,0.005,0.065,0,0,0.21,0,0.1,0,0.065,0,0,0,1,1,0.145
AID135,0.51,0.685,1,1,0.995,1,0,1,1,1,0.97,1,0.75,1,0,0.68,1,0.125,0.99,0.805,1,0.54,1,0.125,1,1,0,1,0,1,1,0.01,1,0,0.005,1,1,1,0.075,0.365,1,0,1,1,0.93,1,0,0.61,0.97,1,1,1,1,1,1,0.87,1,1,1,0.04,0.15,1,1,1,0.34,0.87,0,1,1,1,1,1,0,1,0.995,1,1,0.17,1,0.755,0.3,1,0.92,1,1,0,0.995,0,0,0,1,0,1,1,1,1,1,0,0,0.19,1,1,0.995,1,1,0,1,1,0.035,1,1,0.04,0,1,1,0.775,1,1,1,1,1,1,1,0.86,1,0,1,0,1,1,0.8,1,1,1,1,1,0.8,1,0,1,1,1,0.935,1,0,1,1,1,1,1,1,0.05,0.4,1,1,1,1,0.005,1,1,0,0,0.955,1,0.455,1,1,1,1,1,0.285,0.995,1,0.985,1,0.02,0.985,0,0.855,0.92,1,1,1
AID136,0,0,0.93,1,0.19,0.01,0,0.93,1,1,0.005,1,0.005,0.945,0,0,0.745,0,0,0.02,1,0.005,1,0,1,1,0,1,0,1,0.96,0,1,0,0,0.995,0.92,1,0,0,1,0,0.995,0.455,0,0.99,0,0,0.075,1,0.765,0.975,0.975,0.105,1,0.005,1,1,0.93,0,0,1,1,1,0,0.06,0,1,0.115,0.925,1,1,0,1,0.01,1,0.985,0,1,0,0,1,0.195,1,0.995,0,0.09,0,0,0,1,0,0.99,0.79,1,0.29,0.9,0,0,0,0.725,1,0.135,1,0.83,0,1,0.8,0,1,1,0,0,1,0.995,0.005,1,1,1,1,1,0.9,0.99,0.135,1,0,0.905,0,0,0.97,0.165,1,1,1,0.755,0.985,0,1,0,1,1,1,0,1,0,0.97,1,1,1,1,1,0,0,0.72,0.61,1,1,0,1,0.63,0,0,0.055,0.815,0,1,0.65,1,0.2,0.335,0,0.07,0.53,0,0.465,0,0.24,0,0,0,1,1,0.62
AID137,0,0,0.5,0.99,0,0,0,0.47,1,1,0,0.995,0,0.44,0,0,0.3,0,0,0,1,0,1,0,1,1,0,1,0,0.905,0.67,0,1,0,0,0.685,0.455,1,0,0,1,0,0.915,0.035,0,0.805,0,0,0,1,0.25,0.85,0.72,0,1,0,1,1,0.56,0,0,1,0.995,0.74,0,0,0,0.99,0,0.39,0.845,1,0,1,0,1,0.77,0,1,0,0,1,0.035,1,0.81,0,0,0,0,0,0.95,0,0.85,0.075,0.985,0,0.475,0,0,0,0.26,1,0,1,0.34,0,1,0.205,0,0.91,1,0,0,0.88,0.915,0,0.99,1,0.98,1,1,0.43,0.85,0.02,1,0,0.31,0,0.03,0,0.02,1,0.97,1,0.295,0.77,0,0.875,0,1,1,1,0,1,0,0.605,1,0.99,1,0.985,1,0,0,0.13,0.03,1,1,0,1,0.22,0,0,0,0.365,0,1,0.045,0.97,0.01,0.035,0,0,0.115,0,0.06,0,0.05,0,0,0,1,0.975,0.055
AID138,0.195,0.26,0.965,0.995,0.72,0.57,0.025,0.975,1,1,0.44,1,0.285,0.98,0,0.255,0.89,0.07,0.45,0.37,1,0.22,1,0.095,1,1,0,1,0,1,0.98,0.03,1,0.005,0.005,0.995,0.975,1,0.06,0.145,1,0.01,1,0.82,0.32,1,0,0.28,0.49,1,0.915,0.98,0.985,0.66,1,0.335,1,1,0.95,0.04,0.075,1,1,1,0.12,0.45,0,1,0.67,0.96,1,1,0,1,0.47,1,0.98,0.08,1,0.27,0.145,1,0.555,1,1,0,0.62,0.02,0,0,1,0.005,0.995,0.92,1,0.79,0.98,0.005,0,0.075,0.915,1,0.655,1,0.945,0.01,1,0.91,0.02,1,1,0.04,0,1,0.99,0.315,1,1,1,1,1,0.97,0.995,0.46,1,0,0.965,0.2,0.835,0.98,0,1,1,1,0.94,0.99,0.3,1,0,1,1,1,0.39,1,0,0.98,1,1,1,1,1,0.065,0.155,0.89,0.885,1,1,0.03,1,0.86,0,0,0.5,0.94,0.175,1,0.89,1,0.695,0.755,0.1,0.595,0.83,0.43,0.775,0.025,0.65,0,0.295,0.405,1,1,0.875
AID139,0,0,0,0.135,0,0,0,0,0.965,0.15,0,0.015,0,0,0,0,0,0,0,0,1,0,0.99,0,0.14,0.78,0,0.74,0,0.01,0,0,0.96,0,0,0,0,1,0,0,1,0,0,0,0,0,0,0,0,0.53,0,0.1,0.005,0,0.715,0,0.78,0.995,0,0,0,0.86,0.08,0,0,0,0,0.115,0,0,0,0.89,0,1,0,0.33,0,0,1,0,0,1,0,0.92,0,0,0,0,0,0,0,0,0,0,0.02,0,0,0,0,0,0,1,0,1,0,0,0.53,0,0,0,0.965,0,0,0,0.025,0,0.375,0.845,0,0.29,0.7,0,0,0,1,0,0,0,0,0,0,0,0,0.755,0,0,0,0,0,0.275,0,0.785,0,1,0,0,0.955,0.38,1,0.03,0.085,0,0,0,0,1,0.31,0,0.945,0,0,0,0,0,0,0.63,0,0,0,0,0,0,0,0,0,0,0,0,0,0,0.985,0.035,0
AID140,0,0,0.07,0.91,0,0,0,0.075,1,0.95,0,0.695,0,0.055,0,0,0.025,0,0,0,1,0,1,0,0.905,1,0,1,0,0.6,0.285,0,1,0,0,0.1,0.055,1,0,0,1,0,0.39,0,0,0.24,0,0,0,0.99,0.035,0.64,0.355,0,1,0,1,1,0.135,0,0,1,0.835,0.135,0,0,0,0.86,0,0.075,0.34,1,0,1,0,1,0.35,0,1,0,0,1,0,1,0.205,0,0,0,0,0,0.48,0,0.37,0,0.76,0,0.13,0,0,0,0.015,1,0,1,0.045,0,0.995,0.01,0,0.58,1,0,0,0.45,0.685,0,0.87,1,0.59,0.98,1,0.07,0.42,0,1,0,0.015,0,0,0.03,0,1,0,1,0.035,0.275,0,0.295,0,1,0.91,1,0,1,0,0.155,1,0.915,1,0.82,0.945,0,0,0.005,0,1,0.97,0,1,0.035,0,0,0,0.06,0,1,0,0.465,0,0,0,0,0.025,0,0,0,0.01,0,0,0,1,0.81,0
AID141,0,0,0,0.045,0,0,0,0,0.935,0.055,0,0,0,0,0,0,0,0,0,0,1,0,0.985,0,0.07,0.635,0,0.58,0,0,0,0,0.895,0,0,0,0,0.97,0,0,1,0,0,0,0,0,0,0,0,0.405,0,0.07,0.005,0,0.405,0,0.615,0.97,0,0,0,0.74,0.03,0,0,0,0,0.06,0,0,0,0.8,0,1,0,0.115,0,0,1,0,0,1,0,0.77,0,0,0,0,0,0,0,0,0,0,0,0,0,0,0,0,0,1,0,1,0,0,0.285,0,0,0,0.905,0,0,0,0.005,0,0.265,0.71,0,0.1,0.415,0,0,0,1,0,0,0,0,0,0,0.245,0,0,0,0,0,0,0,0.11,0,0.57,0,1,0,0,0.785,0.26,1,0.03,0.04,0,0,0,0,1,0.14,0,0.825,0,0,0,0,0,0,0.355,0,0,0,0,0,0,0,0,0,0,0,0,0,0,0.91,0.02,0
AID142,0,0,0.71,0.995,0.095,0.005,0,0.69,1,1,0.005,1,0,0.645,0,0,0.525,0,0.005,0.01,1,0,1,0,0.995,1,0,1,0,0.97,0.81,0,1,0,0,0.845,0.685,1,0,0,1,0,0.955,0.215,0,0.88,0,0,0.02,1,0.515,0.905,0.84,0.025,1,0,1,1,0.77,0,0,1,1,0.88,0,0.03,0,0.995,0.045,0.64,0.955,1,0,1,0.01,1,0.875,0,1,0,0,1,0.095,1,0.89,0,0.025,0,0,0,0.985,0,0.915,0.435,0.98,0.075,0.68,0,0,0,0.505,1,0.025,1,0.565,0,1,0.485,0,0.96,1,0,0,0.955,0.955,0.01,0.99,1,0.98,1,1,0.635,0.92,0.07,1,0,0.605,0,0.245,0.705,0.06,1,0.965,1,0,0.895,0,0.965,0,1,1,1,0,1,0,0.78,1,0.995,1,1,1,0,0,0.405,0.275,1,1,0,1,0.4,0,0,0.015,0.545,0,1,0.305,0.99,0.055,0.165,0,0.025,0.28,0.005,0.22,0,0.11,0,0,0,1,0.995,0.335
AID143,0,0,0.27,0.96,0.005,0,0,0.21,1,0.995,0,0.91,0,0.185,0,0,0.13,0,0,0,1,0,1,0,0.965,1,0,1,0,0.765,0.505,0,1,0,0,0.35,0.23,1,0,0,1,0,0.66,0.005,0,0.475,0,0,0.005,0.99,0.14,0.765,0.535,0,1,0,1,1,0.31,0,0,1,0.96,0.42,0,0,0,0.95,0,0.225,0.63,1,0,1,0,1,0.55,0,1,0,0,1,0.005,1,0.505,0,0,0,0,0,0.785,0,0.6,0.02,0.94,0,0.29,0,0,0,0.115,1,0,1,0.21,0,1,0.085,0,0.765,1,0,0,0.68,0.835,0,0.935,1,0.805,0.985,1,0.17,0.64,0.01,1,0,0.12,0,0.015,0.23,0.01,1,0.725,1,0.105,0,0,0.595,0,1,0.99,1,0,1,0,0.365,1,0.965,1,0.95,0.975,0,0,0.065,0,1,1,0,1,0.1,0,0,0,0.18,0,1,0.025,0.75,0,0.01,0,0,0.04,0,0.03,0,0.015,0,0,0,1,0.935,0.01
AID144,0.14,0.3,1,1,0.975,0.97,0,1,1,1,0.795,1,0.395,1,0,0.395,1,0.01,0.905,0.585,1,0.325,1,0.01,1,1,0,1,0,1,1,0,1,0,0,1,1,1,0.015,0.09,1,0,1,1,0.585,1,0,0.39,0.855,1,1,1,1,0.98,1,0.555,1,1,1,0,0.015,1,1,1,0.125,0.715,0,1,0.99,1,1,1,0,1,0.895,1,1,0.015,1,0.305,0.035,1,0.78,1,1,0,0.965,0,0,0,1,0,1,1,1,1,1,0,0,0.01,0.995,1,0.955,1,1,0,1,1,0,1,1,0,0,1,1,0.52,1,1,1,1,1,1,1,0.71,1,0,1,0.2,1,1,0.7,1,1,1,1,1,0,1,0,1,1,1,0.685,1,0,1,1,1,1,1,1,0.005,0.04,1,1,1,1,0,1,1,0,0,0.785,1,0.08,1,1,1,0.99,0.995,0.03,0.95,1,0.865,1,0,0.925,0,0.56,0.65,1,1,1
AID145,0,0,0.15,0.95,0,0,0,0.13,1,1,0,0.92,0,0.115,0,0,0.12,0,0,0,1,0,1,0,0.94,1,0,1,0,0.76,0.415,0,1,0,0,0.195,0.12,1,0,0,1,0,0.68,0,0,0.405,0,0,0,1,0.06,0.77,0.49,0,1,0,1,1,0.215,0,0,1,0.97,0.245,0,0,0,0.93,0,0.13,0.555,1,0,1,0,1,0.51,0,1,0,0,1,0.01,1,0.38,0,0,0,0,0,0.75,0,0.59,0,0.93,0,0.175,0,0,0,0.03,1,0,1,0.065,0,1,0.02,0,0.745,1,0,0,0.655,0.785,0,0.915,1,0.805,0.995,1,0.095,0.585,0,1,0,0.01,0,0,0.125,0,1,0.705,1,0.035,0.405,0,0,0,1,1,1,0,1,0,0.27,1,0.96,1,0.925,0.995,0,0,0.01,0,1,1,0,1,0.07,0,0,0,0.11,0,1,0,0.725,0,0,0,0,0.025,0,0.005,0,0.01,0,0,0,1,0.935,0
AID146,1,1,1,1,1,1,1,1,1,1,1,1,1,1,0.575,1,1,1,1,1,1,1,1,1,1,1,0.635,1,0.975,1,1,1,1,1,1,1,1,1,1,1,1,1,1,1,1,1,0.065,1,1,1,1,1,1,1,1,1,1,1,1,1,1,1,1,1,1,1,0.955,1,1,1,1,1,1,1,1,1,1,1,1,1,1,1,1,1,1,0.915,1,1,0.91,0.91,1,1,1,1,1,1,1,1,0.995,1,1,1,1,1,1,1,1,1,1,1,1,1,1,1,1,1,1,1,1,1,1,1,1,1,1,0.275,1,1,1,1,1,1,1,1,1,1,1,1,0,1,1,1,1,1,0.975,1,1,1,1,1,1,1,1,1,1,1,1,1,1,1,0.47,0.965,1,1,1,1,1,1,1,1,1,1,1,1,1,1,1,1,1,1,1,1,1
AID147,0,0,0,0.19,0,0,0,0,1,0.22,0,0,0,0,0,0,0,0,0,0,1,0,1,0,0.185,0.915,0,0.9,0,0,0,0,1,0,0,0,0,1,0,0,1,0,0,0,0,0,0,0,0,0.65,0,0.18,0,0,0.99,0,0.87,0.995,0,0,0,0.955,0.14,0,0,0,0,0.215,0,0,0,0.99,0,1,0,0.6,0,0,1,0,0,1,0,1,0,0,0,0,0,0,0,0,0,0,0.015,0,0,0,0,0,0,1,0,1,0,0,0.745,0,0,0.005,1,0,0,0,0.045,0,0.415,0.97,0,0.415,0.95,0,0,0,1,0,0,0,0,0,0,0.725,0,0.89,0,0,0,0,0,0,0,0.985,0,1,0,0,1,0.505,1,0.075,0.1,0,0,0,0,1,0.425,0,1,0,0,0,0,0,0,0.89,0,0,0,0,0,0,0,0,0,0,0,0,0,0,1,0.095,0
AID148,0,0,0,0.695,0,0,0,0,1,0.82,0,0.225,0,0,0,0,0,0,0,0,1,0,1,0,0.66,1,0,1,0,0.19,0.05,0,1,0,0,0,0,1,0,0,1,0,0,0,0,0,0,0,0,0.94,0,0.46,0.095,0,1,0,1,1,0,0,0,1,0.655,0,0,0,0,0.675,0,0,0,1,0,1,0,1,0.055,0,1,0,0,1,0,1,0.005,0,0,0,0,0,0.02,0,0.055,0,0.405,0,0,0,0,0,0,1,0,1,0,0,0.995,0,0,0.145,1,0,0,0.05,0.395,0,0.72,1,0.065,0.885,1,0,0.055,0,1,0,0,0,0,0,0,1,0.09,1,0,0.01,0,0,0,1,0,1,0,1,0,0.015,1,0.81,1,0.585,0.7,0,0,0,0,1,0.88,0,1,0.005,0,0,0,0,0,1,0,0.015,0,0,0,0,0,0,0,0,0,0,0,0,1,0.535,0
AID149,0,0,0,0.03,0,0,0,0,0.935,0.035,0,0,0,0,0,0,0,0,0,0,1,0,1,0,0.06,0.66,0,0.525,0,0,0,0,0.915,0,0,0,0,0.985,0,0,0.995,0,0,0,0,0,0,0,0,0.375,0,0.04,0,0,0.3,0,0.6,0.985,0,0,0,0.735,0.01,0,0,0,0,0.04,0,0,0,0.78,0,1,0,0.01,0,0,1,0,0,1,0,0.805,0,0,0,0,0,0,0,0,0,0,0,0,0,0,0,0,0,1,0,1,0,0,0.24,0,0,0,0.885,0,0,0,0.01,0,0.265,0.735,0,0.02,0.365,0,0,0,1,0,0,0,0,0,0,0.215,0,0.43,0,0,0,0,0,0.015,0,0,0,1,0,0,0.925,0.235,1,0.005,0.01,0,0,0,0,1,0.12,0,0.85,0,0,0,0,0,0,0.275,0,0,0,0,0,0,0,0,0,0,0,0,0,0,0.94,0,0
AID150,0.025,0.145,1,1,0.915,0.945,0,1,1,1,0.59,1,0.285,1,0,0.22,1,0,0.74,0.48,1,0.185,1,0,1,1,0,1,0,1,1,0,1,0,0,1,1,1,0,0.02,1,0,1,1,0.385,1,0,0.285,0.71,1,1,1,1,0.97,1,0.34,1,1,1,0,0,1,1,1,0.035,0.57,0,1,0.98,1,1,1,0,1,0.825,1,1,0,1,0.13,0,1,0.7,1,1,0,0.905,0,0,0,1,0,1,1,1,0.995,1,0,0,0,1,1,0.92,1,1,0,1,1,0,1,1,0,0,1,1,0.39,1,1,1,1,1,0.995,1,0.615,1,0,1,0.065,1,1,0.61,1,1,1,1,1,0.315,1,0,1,1,1,0,1,0,1,1,1,1,1,1,0,0,1,1,1,1,0,1,1,0,0,0.695,1,0.01,1,0.995,1,0.95,0.98,0,0.885,0.99,0.74,0.995,0,0.875,0,0.285,0.495,1,1,1
AID151,0,0,0,0,0,0,0,0,0,0,0,0,0,0,0,0,0,0,0,0,0.005,0,0,0,0,0,0,0,0,0,0,0,0,0,0,0,0,0,0,0,0,0,0,0,0,0,0,0,0,0,0,0,0,0,0,0,0,0,0,0,0,0,0,0,0,0,0,0,0,0,0,0,0,0.015,0,0,0,0,0,0,0,1,0,0,0,0,0,0,0,0,0,0,0,0,0,0,0,0,0,0,0,0.015,0,0.055,0,0,0,0,0,0,0,0,0,0,0,0,0,0,0,0,0,0,0,0,0.035,0,0,0,0,0,0,0,0,0,0,0,0,0,0,0,0,0,0,0,0,0,0,0,0,0,0,0,0,0,0,0.05,0,0,0,0,0,0,0,0,0,0,0,0,0,0,0,0,0,0,0,0,0,0,0,0,0,0,0
AID152,1,1,1,1,1,1,1,1,1,1,1,1,1,1,0.005,1,1,1,1,1,1,1,1,1,1,1,0.165,1,0.47,1,1,1,1,1,1,1,1,1,1,1,1,1,1,1,1,1,0,1,1,1,1,1,1,1,1,1,1,1,1,1,1,1,1,1,1,1,0.57,1,1,1,1,1,0.995,1,1,1,1,1,1,1,1,1,1,1,1,0.25,1,1,0.14,0.195,1,1,1,1,1,1,1,1,0.785,1,1,1,1,1,1,1,1,1,0.99,1,1,1,0.895,1,1,1,1,1,1,1,1,1,1,1,1,0,1,1,1,1,1,1,1,1,1,1,1,1,0.025,1,1,1,1,1,0,1,1,1,1,1,1,1,1,1,1,1,1,1,1,1,0.09,0.555,1,1,1,1,1,1,1,1,1,1,1,1,1,1,1,0.995,1,1,1,1,1
AID153,0,0,0.41,0.99,0.005,0,0,0.36,1,0.99,0,0.92,0,0.375,0,0,0.25,0,0,0,1,0,1,0,0.985,1,0,1,0,0.825,0.605,0,1,0,0,0.55,0.345,1,0,0,1,0,0.815,0.04,0,0.715,0,0,0.005,0.99,0.21,0.825,0.66,0,1,0,1,1,0.46,0,0,1,0.965,0.63,0,0,0,0.975,0,0.335,0.75,1,0,1,0,1,0.66,0,1,0,0,1,0.035,1,0.665,0,0,0,0,0,0.865,0,0.74,0.09,0.95,0.005,0.43,0,0,0,0.22,1,0,1,0.325,0,1,0.195,0,0.82,1,0,0,0.805,0.905,0,0.96,1,0.9,1,1,0.365,0.75,0.015,1,0,0.28,0,0.03,0.395,0.02,1,0.845,1,0.22,0.635,0,0.73,0,1,0.985,1,0,1,0,0,1,0.99,1,0.97,0.975,0,0,0.175,0.03,1,1,0,1,0.15,0,0,0,0.285,0,1,0.085,0.88,0.01,0.025,0,0.005,0.11,0,0.045,0,0.045,0,0,0,1,0.945,0.07
AID154,0,0,0,0.005,0,0,0,0,0.875,0,0,0,0,0,0,0,0,0,0,0,1,0,0.985,0,0.015,0.415,0,0.335,0,0,0,0,0.82,0,0,0,0,0.92,0,0,0.99,0,0,0,0,0,0,0,0,0.275,0,0.005,0,0,0,0,0.49,0.965,0,0,0,0.635,0,0,0,0,0,0.01,0,0,0,0.595,0,1,0,0,0,0,1,0,0,1,0,0.51,0,0,0,0,0,0,0,0,0,0,0,0,0,0,0,0,0,1,0,1,0,0,0.1,0,0,0,0.82,0,0,0,0,0,0.185,0.57,0,0.01,0.08,0,0,0,1,0,0,0,0,0,0,0.045,0,0.215,0,0,0,0,0,0,0,0.075,0,1,0,0,0,0.15,1,0,0,0,0,0,0,1,0.02,0,0.735,0,0,0,0,0,0,0.005,0,0,0,0,0,0,0,0,0,0,0,0,0,0,0.845,0,0
AID155,0,0,0.01,0.315,0,0,0,0.005,0.93,0.36,0,0.14,0,0.01,0,0,0.015,0,0,0,1,0,0.935,0,0.29,0.815,0,0.755,0,0.105,0.05,0,0.885,0,0,0.015,0.015,0.975,0,0,0.995,0,0.045,0.005,0,0.03,0,0,0,0.615,0,0.275,0.06,0,0.705,0,0.77,0.955,0.01,0,0,0.85,0.305,0.025,0,0,0,0.31,0,0.01,0.03,0.86,0,1,0,0.545,0.08,0,1,0,0,1,0.01,0.835,0.025,0,0,0,0,0,0.045,0,0.06,0,0.195,0,0.02,0,0,0,0,1,0,1,0.005,0,0.59,0,0,0.105,0.935,0,0,0.06,0.18,0,0.49,0.82,0.085,0.455,0.7,0.005,0.07,0,1,0,0,0,0,0.01,0,0.62,0.085,0.74,0.005,0.035,0,0.04,0,0.495,0.19,0.765,0,1,0,0.01,0.85,0,1,0.23,0.295,0,0,0.005,0,1,0.46,0,0.875,0,0,0,0,0.01,0,0.635,0,0.04,0,0,0,0,0,0,0,0,0,0,0,0,0.92,0.195,0
AID156,0,0,0,0,0,0,0,0,0.005,0,0,0,0,0,0,0,0,0,0,0,0.66,0,0,0,0,0,0,0,0,0,0,0,0,0,0,0,0,0.19,0,0,0.07,0,0,0,0,0,0,0,0,0,0,0,0,0,0,0,0,0,0,0,0,0,0,0,0,0,0,0,0,0,0,0,0,0.715,0,0,0,0,0.55,0,0,1,0,0,0,0,0,0,0,0,0,0,0,0,0,0,0,0,0,0,0,1,0,0.925,0,0,0,0,0,0,0.05,0,0,0,0,0,0,0,0,0,0,0,0,0,0.865,0,0,0,0,0,0,0,0,0,0,0,0,0,0,0,0,0,0,1,0,0,0,0,0,0,0,0,0,0,0,0.78,0,0,0,0,0,0,0,0,0,0,0,0,0,0,0,0,0,0,0,0,0,0,0,0,0,0,0
AID157,0,0,0,0.615,0,0,0,0.01,1,0.73,0,0.28,0,0,0,0,0.01,0,0,0,1,0,1,0,0.615,0.98,0,0.985,0,0.25,0.085,0,1,0,0,0.01,0.01,1,0,0,1,0,0.08,0,0,0.045,0,0,0,0.885,0.005,0.425,0.135,0,1,0,0.96,1,0.035,0,0,0.975,0.56,0.02,0,0,0,0.585,0,0.005,0.055,0.995,0,1,0,0.92,0.08,0,1,0,0,1,0,1,0.035,0,0,0,0,0,0.12,0,0.095,0,0.385,0,0.005,0,0,0,0,1,0,1,0.005,0,0.955,0,0,0.21,1,0,0,0.125,0.395,0,0.705,1,0.17,0.795,0.995,0.005,0.115,0,1,0,0,0,0,0.015,0,0.97,0.18,0.97,0,0.05,0,0.075,0,0.925,0.415,0.995,0,1,0,0.03,1,0.77,1,0,0.61,0,0,0,0,1,0.755,0,1,0.005,0,0,0,0,0,0.995,0,0.14,0,0,0,0,0,0,0,0,0.005,0,0,0,1,0.48,0
AID158,0,0,0,0.51,0,0,0,0,1,0.605,0,0.145,0,0,0,0,0.01,0,0,0,1,0,1,0,0.475,0.955,0,0.985,0,0.13,0.03,0,1,0,0,0,0,1,0,0,1,0,0.01,0,0,0.005,0,0,0,0.845,0.005,0.325,0.075,0,0.99,0,0.96,1,0.005,0,0,0.985,0.435,0,0,0,0,0.52,0,0,0.02,0.985,0,1,0,0.87,0.05,0,1,0,0,1,0,1,0.005,0,0,0,0,0,0.04,0,0.055,0,0.23,0,0,0,0,0,0,1,0,1,0,0,0.915,0,0,0.085,1,0,0,0.05,0.265,0,0.585,0.985,0.045,0.73,0.995,0,0.07,0,1,0,0,0,0,0,0,0.915,0.055,0.96,0,0.025,0,0.005,0,0.9,0.3,0.99,0,1,0,0.025,1,0.705,1,0.39,0,0,0,0,0,1,0.71,0,1,0.005,0,0,0,0,0,0.975,0,0.025,0,0,0,0,0,0,0,0,0.005,0,0,0,1,0.365,0
AID159,0.975,0.995,1,1,1,1,0.25,1,1,1,1,1,0.98,1,0,0.99,1,0.695,1,0.98,1,0.88,1,0.78,1,1,0,1,0,1,1,0.38,1,0.03,0.22,1,1,1,0.41,0.88,1,0.065,1,1,1,1,0,0.925,1,1,1,1,1,1,1,0.995,1,1,1,0.51,0.535,1,1,1,0.87,0.985,0,1,1,1,1,1,0.02,1,1,1,1,0.695,1,1,0.905,1,0.995,1,1,0,1,0.19,0,0,1,0.025,1,1,1,1,1,0.085,0,0.84,1,1,1,1,1,0.09,1,1,0.34,1,1,0.565,0.005,1,1,0.97,1,1,1,1,1,1,1,0.98,1,0,1,0.95,1,1,0.935,1,1,1,1,1,0.995,1,0,1,1,1,1,1,0,1,1,1,1,1,1,0,0.955,1,1,1,1,0.28,1,1,0,0,1,1,0.96,1,1,1,1,1,0.825,1,1,1,1,0.265,1,0.055,1,1,1,1,1
AID160,0.69,0.89,1,1,1,1,0,1,1,1,1,1,0.83,1,0,0.78,1,0.115,1,0.875,1,0.66,1,0.17,1,1,0,1,0,1,1,0,1,0,0.005,1,1,1,0.115,0.465,1,0,1,1,1,1,0,0.715,0.985,1,1,1,1,1,1,0.98,1,1,1,0.035,0.145,1,1,1,0.435,0.96,0,1,1,1,1,1,0,1,1,1,1,0.11,1,0.84,0.335,1,0.955,1,1,0,1,0,0,0,1,0,1,1,1,1,1,0,0,0.005,1,1,1,1,1,0,1,1,0.03,1,1,0.025,0,1,1,0.875,1,1,1,1,1,1,1,0.86,1,0,1,0.6,1,1,0.845,1,1,1,1,1,0.96,1,0,1,1,1,1,1,0,1,1,1,1,1,1,0.045,0,1,1,1,1,0,1,1,0,0,0.975,1,0.72,1,1,1,1,1,0.225,1,1,1,1,0.01,0.995,0,1,0.99,1,1,1
AID161,0,0,0.815,1,0.09,0,0,0.79,1,1,0,1,0,0.79,0,0,0.6,0,0,0.005,1,0,1,0,1,1,0,1,0,0.985,0.89,0,1,0,0,0.95,0.81,1,0,0,1,0,0.995,0.24,0,0.965,0,0,0.01,1,0.57,0.95,0.89,0.02,1,0,1,1,0.865,0,0,1,1,0.955,0,0.025,0,1,0.065,0.745,0.985,1,0,1,0,1,0.95,0,1,0,0,1,0.09,1,0.98,0,0.025,0,0,0,0.995,0,0.955,0.515,0.995,0.105,0.83,0,0,0,0.595,1,0.025,1,0.685,0,1,0.62,0,0.995,1,0,0,1,0.97,0.005,1,1,1,1,1,0.755,0.98,0.06,1,0,0.735,0,0.28,0.87,0.11,1,0.995,1,0.595,0.935,0,0.99,0,1,1,1,0,1,0,0.825,1,0.995,1,1,1,0,0,0,0.33,1,1,0,1,0.46,0,0,0.005,0.71,0,1,0.36,1,0.03,0.185,0,0.025,0.34,0,0.25,0,0.135,0,0,0,1,1,0.4
AID162,0,0,0.91,1,0.125,0,0,0.9,1,1,0,1,0,0.92,0,0,0.715,0,0,0,1,0,1,0,1,1,0,1,0,1,0.96,0,1,0,0,1,0.945,1,0,0,1,0,1,0.315,0,1,0,0,0.03,1,0.745,0.975,0.95,0.02,1,0,1,1,0.925,0,0,1,1,1,0,0.025,0,1,0.09,0.91,1,1,0,1,0,1,0.96,0,1,0,0,1,0.14,1,0.995,0,0.035,0,0,0,1,0,0.99,0.785,1,0.165,0.915,0,0,0,0.695,1,0.035,1,0.8,0,1,0.715,0,1,1,0,0,1,0.99,0,1,1,1,1,1,0.9,0.995,0.115,1,0,0.925,0,0.39,0.97,0.115,1,1,1,0.725,1,0,1,0,1,1,1,0,1,0,0.97,1,1,1,1,1,0,0,0.67,0,1,1,0,1,0.56,0,0,0.03,0.8,0,1,0.545,1,0.07,0.26,0,0.015,0.43,0,0.375,0,0.205,0,0,0,1,1,0.61
AID163,0,0,0,0,0,0,0,0,0.005,0,0,0,0,0,0,0,0,0,0,0,0.33,0,0,0,0,0,0,0,0,0,0,0,0,0,0,0,0,0.08,0,0,0.045,0,0,0,0,0,0,0,0,0,0,0,0,0,0,0,0,0,0,0,0,0,0,0,0,0,0,0,0,0,0,0,0,0.385,0,0,0,0,0.27,0,0,1,0,0,0,0,0,0,0,0,0,0,0,0,0,0,0,0,0,0,0,0.635,0,0.625,0,0,0,0,0,0,0.03,0,0,0,0,0,0,0,0,0,0,0,0,0,0.455,0,0,0,0,0,0,0,0,0,0,0,0,0,0,0,0,0,0,0.95,0,0,0,0,0.22,0,0,0,0,0,0,0,0,0,0,0,0,0,0,0,0,0,0,0,0,0,0,0,0,0,0,0,0,0,0,0,0,0,0
AID164,0,0,0,0.32,0,0,0,0,0.99,0.35,0,0.055,0,0,0,0,0,0,0,0,1,0,0.995,0,0.285,0.885,0,0.85,0,0.07,0.01,0,0.99,0,0,0,0,1,0,0,1,0,0,0,0,0,0,0,0,0.68,0,0.23,0.015,0,0.83,0,0.86,1,0,0,0,0.925,0.24,0,0,0,0,0.33,0,0,0,0.955,0,1,0,0.62,0.02,0,1,0,0,1,0,0.96,0.01,0,0,0,0,0,0,0,0.025,0,0.175,0,0,0,0,0,0,1,0,1,0,0,0.7,0,0,0.07,0.98,0,0,0.025,0.155,0,0.48,0.92,0.015,0.495,0.83,0,0.025,0,1,0,0,0,0,0,0,0.69,0.03,0.86,0,0,0,0,0,0.575,0.12,0.88,0,1,0,0,0.98,0.54,1,0.245,0.29,0,0,0,0,1,0,0,0.955,0,0,0,0,0,0,0.8,0,0,0,0,0,0,0,0,0,0,0,0,0,0,0.99,0.215,0
AID165,1,1,1,1,1,1,0.415,1,1,1,1,1,1,1,0,1,1,0.895,1,1,1,0.985,1,0.985,1,1,0,1,0,1,1,0.565,1,0.005,0.36,1,1,1,0.485,0.995,1,0.07,1,1,1,1,0,0.99,1,1,1,1,1,1,1,1,1,1,1,0.655,0.73,1,1,1,0.99,1,0,1,1,1,1,1,0.005,1,1,1,1,0.915,1,1,1,1,1,1,1,0,1,0.27,0,0,1,0,1,1,1,1,1,0.07,0,1,1,1,1,1,1,0.05,1,1,0.425,1,1,0.775,0,1,1,1,1,1,1,1,1,1,1,0.995,1,0,1,0.995,1,1,0.97,1,1,1,1,1,1,1,0,1,1,1,1,1,0,1,1,1,1,1,1,0.72,1,1,1,1,1,0,1,1,0,0,1,1,1,1,1,1,1,1,0.985,1,1,1,1,0.45,1,0.01,1,1,1,1,1
AID166,0,0,0,0.01,0,0,0,0,0.665,0.005,0,0,0,0,0,0,0,0,0,0,1,0,0.71,0,0.015,0.26,0,0.265,0,0,0,0,0.64,0,0,0,0,0.85,0,0,0.95,0,0,0,0,0,0,0,0,0.205,0,0.01,0,0,0.09,0,0.36,0.815,0,0,0,0.455,0,0,0,0,0,0.015,0,0,0,0.425,0,1,0,0.005,0,0,1,0,0,1,0,0.355,0,0,0,0,0,0,0,0,0,0,0,0,0,0,0,0,0,1,0,1,0,0,0.095,0,0,0,0.735,0,0,0,0.005,0,0.16,0.415,0,0.01,0.1,0,0,0,1,0,0,0,0,0,0,0.055,0,0.175,0,0,0,0,0,0,0,0.15,0,1,0,0,0.265,0.125,1,0,0,0,0,0,0,1,0.045,0,0,0,0,0,0,0,0,0.075,0,0,0,0,0,0,0,0,0,0,0,0,0,0,0.565,0,0
AID167,0,0.005,0.775,0.99,0.16,0.045,0,0.765,1,1,0.005,0.995,0.005,0.775,0,0.01,0.625,0,0.02,0.03,1,0,1,0,1,1,0,1,0,0.94,0.865,0,1,0,0,0.88,0.75,1,0,0,1,0,0.965,0.305,0.005,0.92,0,0.005,0.085,0.995,0.57,0.945,0.88,0.11,1,0.005,1,1,0.795,0,0,1,0.985,0.89,0,0.055,0,1,0.145,0.73,0.955,1,0,1,0.025,1,0.905,0,1,0,0,1,0.15,1,0.92,0,0.1,0,0,0,0.985,0,0.94,0.57,0.985,0.24,0.79,0,0,0,0.58,1,0.085,1,0.67,0,1,0.555,0,0.96,1,0,0,0.955,0.94,0.02,0.985,1,0.975,1,1,0.705,0.94,0.11,1,0,0.705,0,0.37,0.78,0.14,1,0.965,1,0.6,0.9,0,0.93,0,1,0.995,1,0,1,0,0.85,1,1,1,0.995,0.995,0,0,0.54,0.44,1,1,0,1,0,0,0,0.035,0.67,0,1,0.425,0.955,0.16,0.275,0,0.11,0.42,0.01,0.305,0,0.205,0,0,0.01,1,1,0.45
AID168,1,1,1,1,1,1,1,1,1,1,1,1,1,1,0.565,1,1,1,1,1,1,1,1,1,1,1,0.6,1,0.91,1,1,1,1,0.995,0.995,1,1,1,1,1,1,1,1,1,1,1,0.155,1,1,1,1,1,1,1,1,1,1,1,1,1,1,1,1,1,1,1,0.895,1,1,1,1,1,1,1,1,1,1,1,1,1,1,1,1,1,1,0.795,1,1,0.8,0.815,1,1,1,1,1,1,1,1,0.965,1,1,1,1,1,1,1,1,1,1,1,1,1,0.98,1,1,1,1,1,1,1,1,1,1,1,1,0.365,1,1,1,1,1,1,1,1,1,1,1,1,0.53,1,1,1,1,1,0.91,1,1,1,1,1,1,1,1,1,1,1,1,1,1,1,0,0.9,1,1,1,1,1,1,1,1,1,1,1,1,1,1,1,1,1,1,1,1,1
AID169,1,1,1,1,1,1,1,1,1,1,1,1,1,1,0.02,1,1,1,1,1,1,1,1,1,1,1,0.14,1,0.435,1,1,1,1,0.98,0.995,1,1,1,0.985,1,1,1,1,1,1,1,0,1,1,1,1,1,1,1,1,1,1,1,1,1,1,1,1,1,1,1,0.565,1,1,1,1,1,0.93,1,1,1,1,1,1,1,1,1,1,1,1,0.26,1,1,0.22,0.235,1,0.995,1,1,1,1,1,1,0.71,1,1,1,1,1,1,1,1,1,0.995,1,1,1,0.815,1,1,1,1,1,1,1,1,1,1,1,1,0.005,1,1,1,1,1,1,1,1,1,1,1,1,0.035,1,1,1,1,1,0.445,1,1,1,1,1,1,1,1,1,1,1,1,1,1,1,0.1,0,1,1,1,1,1,1,1,1,1,1,1,1,1,1,1,0.99,1,1,1,1,1
AID170,0.035,0.105,0.995,1,0.75,0.68,0,0.995,1,1,0.405,1,0.135,1,0,0.17,0.99,0.015,0.48,0.355,1,0.12,1,0,1,1,0,1,0,1,0.995,0,1,0,0,1,0.995,1,0,0.015,1,0,1,0.905,0.195,1,0,0.165,0.555,1,0.985,1,1,0.795,1,0.2,1,1,1,0,0,1,1,1,0.01,0.405,0,1,0.78,0.99,1,1,0,1,0.49,1,1,0.01,1,0.065,0.015,1,0.55,1,1,0,0.68,0,0,0,1,0,1,0.995,1,0.895,1,0,0,0,0.975,1,0.74,1,0.985,0,1,0.985,0,1,1,0,0,1,1,0.325,1,1,1,1,1,0.98,0.995,0.515,1,0,0.995,0.045,0.945,1,0.5,1,1,1,0.985,1,0.215,1,0,1,1,1,0.305,1,0,1,1,1,1,1,1,0,0.025,0.995,0.97,1,1,0,1,0.965,0,0,0,1,0.03,1,0.965,1,0.795,0.86,0.025,0.655,0.94,0.43,0.94,0,0.71,0,0.205,0.37,1,1,0.98
AID171,0,0,0.62,1,0.055,0.005,0,0.575,1,1,0,0.99,0,0.605,0,0,0.41,0,0,0,1,0,1,0,1,1,0,1,0,0.92,0.76,0,1,0,0,0.765,0.59,1,0,0,1,0,0.93,0.14,0,0.835,0,0,0.01,1,0.45,0.885,0.775,0.02,1,0,1,1,0.695,0,0,1,1,0.8,0,0.005,0,0.985,0.035,0.57,0.88,1,0,1,0,1,0.815,0,1,0,0,1,0.06,1,0.845,0,0.005,0,0,0,0.97,0,0.865,0.28,0.965,0.06,0.63,0,0,0,0.38,1,0.04,1,0.48,0,1,0.365,0,0.935,1,0,0,0.905,0.935,0.005,0.985,1,0.975,1,1,0.59,0.895,0.06,1,0,0.505,0,0.185,0.635,0.06,1,0.94,1,0.455,0.82,0,0.89,0,1,1,1,0,1,0,0.715,1,0.99,1,1,1,0,0,0.29,0.2,1,1,0,1,0.33,0,0,0,0,0,1,0.24,0.945,0.035,0.1,0,0.015,0.25,0,0.145,0,0.1,0,0,0,1,0.995,0.27
AID172,0.585,0.82,1,1,1,1,0,1,1,1,0.99,1,0.785,1,0,0.735,1,0.09,0.99,0.84,1,0.635,1,0.11,1,1,0,1,0,1,1,0,1,0,0,1,1,1,0.11,0.385,1,0,1,1,1,1,0,0.67,0.975,1,1,1,1,1,1,0.945,1,1,1,0.015,0.125,1,1,1,0.34,0.92,0,1,1,1,1,1,0,1,1,1,1,0.11,1,0.8,0.22,1,0.92,1,1,0,1,0,0,0,1,0,1,1,1,1,1,0,0,0.025,1,1,1,1,1,0,1,1,0.015,1,1,0.015,0,1,1,0.81,1,1,1,1,1,1,1,0.845,1,0,1,0.545,1,1,0.825,1,1,1,1,1,0.92,1,0,1,1,1,0.99,1,0,1,1,1,1,1,1,0.04,0.28,1,1,1,1,0,1,1,0,0,0.97,1,0,1,1,1,1,1,0.125,1,1,1,1,0.005,0.99,0,0.965,0.98,1,1,1
AID173,0,0,0,0.035,0,0,0,0,0.97,0.06,0,0,0,0,0,0,0,0,0,0,1,0,1,0,0.09,0.77,0,0.65,0,0,0,0,0.965,0,0,0,0,0.995,0,0,1,0,0,0,0,0,0,0,0,0.46,0,0.09,0,0,0.65,0,0.75,0.995,0,0,0,0.805,0.04,0,0,0,0,0.075,0,0,0,0.895,0,1,0,0.14,0,0,1,0,0,1,0,0.935,0,0,0,0,0,0,0,0,0,0,0.005,0,0,0,0,0,0,1,0,1,0,0,0.44,0,0,0,0.975,0,0,0,0.015,0,0.31,0.855,0,0.175,0.62,0,0,0,1,0,0,0,0,0,0,0.37,0,0.645,0,0,0,0,0,0.11,0,0.725,0,1,0,0,0.995,0.365,1,0.005,0.025,0,0,0,0,1,0.2,0,0.925,0,0,0,0,0,0,0,0,0,0,0,0,0,0,0,0,0,0,0,0,0,0.995,0.015,0
AID174,0,0,0.895,1,0.105,0.01,0,0.875,1,1,0.005,1,0,0.88,0,0,0.695,0,0,0.005,1,0.005,1,0,1,1,0,1,0,0.985,0.955,0,1,0,0,0.975,0.865,1,0,0,1,0,1,0.33,0,0.985,0,0,0.025,1,0.675,0.965,0.945,0.065,1,0.005,1,1,0.9,0,0,1,1,1,0,0.02,0,1,0.09,0.84,1,1,0,1,0.005,1,0.95,0,1,0,0,1,0.115,1,0.98,0,0.02,0,0,0,1,0,0.975,0.695,1,0.2,0.86,0,0,0,0.705,1,0.075,1,0.755,0,1,0.72,0,0.995,1,0,0,1,0.985,0.01,1,1,1,1,1,0.855,0.975,0.1,1,0,0.84,0,0.35,0.955,0.11,1,1,1,0.695,0.975,0,1,0,1,1,1,0.005,1,0,0.915,1,1,1,1,1,0,0,0.64,0.455,1,1,0,1,0.575,0,0,0.035,0.76,0,1,0,1,0.115,0.255,0,0.02,0.455,0,0.38,0,0.205,0,0,0,1,1,0.5
AID175,0,0,0.09,0.955,0,0,0,0.035,1,0.975,0,0.81,0,0.02,0,0,0.06,0,0,0,1,0,1,0,0.925,1,0,1,0,0.62,0.22,0,1,0,0,0.045,0.035,1,0,0,1,0,0.41,0,0,0.19,0,0,0,0.98,0.04,0.72,0.34,0,1,0,1,1,0.13,0,0,1,0.88,0.06,0,0,0,0.89,0,0.05,0.345,1,0,1,0,1,0.385,0,1,0,0,1,0,1,0.215,0,0,0,0,0,0.56,0,0.395,0,0.825,0,0.09,0,0,0,0.025,1,0,1,0.05,0,1,0.01,0,0.6,1,0,0,0.5,0.74,0,0.88,1,0.64,0.995,1,0.04,0.435,0,1,0,0.005,0,0,0.03,0,1,0.535,1,0.01,0.25,0,0.275,0,1,0.985,1,0,1,0,0.12,1,0.96,1,0.86,0.975,0,0,0,0,1,1,0,1,0.045,0,0,0,0.055,0,1,0,0,0,0,0,0,0.015,0,0,0,0.005,0,0,0,1,0.83,0
AID176,0,0.005,1,1,0.455,0.195,0,0.99,1,1,0.055,1,0.025,0.99,0,0.02,0.93,0,0.08,0.11,1,0.02,1,0,1,1,0,1,0,1,0.99,0,1,0,0,1,0.985,1,0,0,1,0,1,0.79,0.005,1,0,0.035,0.25,1,0.95,1,0.99,0.445,1,0.015,1,1,1,0,0,1,1,1,0,0.235,0,1,0.435,0.985,1,1,0,1,0.14,1,1,0,1,0,0,1,0.345,1,1,0,0.35,0,0,0,1,0,1,0.995,1,0.71,0.985,0,0,0,0.935,1,0.405,1,0.985,0,1,0.955,0,1,1,0,0,1,0.995,0.065,1,1,1,1,1,0.985,1,0.315,1,0,0.995,0,0.8,0.99,0.305,1,1,1,0.945,1,0.01,1,0,1,1,1,0.05,1,0,0.99,1,1,1,1,1,0,0,0.97,0.93,1,1,0,1,0.84,0,0,0.205,0.965,0,1,0.885,1,0,0.655,0,0.35,0.735,0.08,0.785,0,0.5,0,0.015,0.045,1,1,0.93
AID177,0,0.01,0.92,1,0.37,0.155,0,0.935,1,1,0.025,1,0.015,0.94,0,0.02,0.845,0,0.06,0.105,1,0.02,1,0,1,1,0,1,0,1,0.965,0,1,0,0,0.995,0.945,1,0,0,1,0,1,0.615,0,0.99,0,0.02,0.18,1,0.825,0.975,0.965,0.29,1,0.01,1,1,0.935,0,0,1,1,0.995,0,0.14,0,1,0.345,0.91,1,1,0,1,0.11,1,0.98,0,1,0,0,1,0.235,1,1,0,0.25,0,0,0,1,0,0.985,0.85,1,0.54,0.935,0,0,0,0.81,1,0.325,1,0.875,0,1,0.83,0,1,1,0,0,1,0.99,0.035,1,1,1,1,1,0.945,0.995,0.205,1,0,0.935,0,0.665,0.965,0.245,1,1,1,0.835,0.99,0.005,1,0,1,1,1,0.02,1,0,0.975,1,1,1,1,1,0,0,0.815,0.74,1,1,0,1,0.725,0,0,0.14,0.9,0,1,0.745,1,0.345,0,0,0.295,0.595,0.04,0.62,0,0.41,0,0,0.05,1,1,0.76
AID178,0.805,0.9,1,1,1,1,0.01,1,1,1,0.995,1,0.915,1,0,0.89,1,0.245,0.995,0.915,1,0.765,1,0.385,1,1,0,1,0,1,1,0.035,1,0,0.03,1,1,1,0.195,0.595,1,0,1,1,1,1,0,0.78,0.985,1,1,1,1,1,1,0.98,1,1,1,0.105,0.26,1,1,1,0.56,0.99,0,1,1,1,1,1,0,1,1,1,1,0.305,1,0.895,0.61,1,0.96,1,1,0,0.995,0.015,0,0,1,0,1,1,1,1,1,0,0,0.355,1,1,1,1,1,0,1,1,0.07,1,1,0.12,0,1,1,0.9,1,1,1,1,1,1,1,0.905,1,0,1,0.715,1,1,0.9,1,1,1,1,1,0.97,1,0,1,1,1,1,1,0,1,1,1,1,1,1,0.175,0.775,1,1,1,1,0.015,1,1,0,0,0.975,1,0.875,1,1,1,1,1,0,1,1,1,1,0.03,0.99,0,0.995,0.995,1,1,1
AID179,0,0.015,0.995,1,0.65,0.395,0,0.995,1,1,0.16,1,0.085,1,0,0.085,0.965,0,0.205,0.18,1,0.05,1,0,1,1,0,1,0,1,1,0,1,0,0,1,1,1,0,0,1,0,1,0.915,0.05,1,0,0.08,0.36,1,0.975,1,1,0.63,1,0.08,1,1,1,0,0,1,1,1,0.01,0.26,0,1,0.65,1,1,1,0,1,0.245,1,1,0,1,0.01,0,1,0.455,1,1,0,0.58,0,0,0,1,0,1,0.995,1,0.86,1,0,0,0,0.97,1,0.55,1,0.985,0,1,0.97,0,1,1,0,0,1,1,0.14,1,1,1,1,1,1,1,0.365,1,0,1,0.005,0.93,1,0.405,1,1,1,0.975,1,0.05,1,0,1,1,1,0.115,1,0,0.995,1,1,1,1,1,0,0,0.975,0.985,1,1,0,1,0.89,0,0,0.345,0.985,0,1,0.98,1,0.65,0.705,0,0,0.885,0.17,0.86,0,0.605,0,0.04,0.105,1,1,0.98
AID180,0,0,0.835,0.99,0.26,0.025,0,0.835,1,1,0.035,0.995,0.015,0.835,0,0,0.715,0,0.025,0.045,1,0.005,1,0,0.995,1,0,1,0,0.98,0.905,0,1,0,0,0.935,0.86,1,0,0,1,0,0.97,0.45,0,0.96,0,0.015,0.155,1,0.72,0.965,0.925,0.19,1,0,1,1,0.89,0,0,1,1,0.955,0,0.09,0,1,0.225,0.8,0.985,1,0,1,0.035,1,0.95,0,1,0,0,1,0.235,1,0.945,0,0.16,0,0,0,0.99,0,0.98,0.685,1,0.35,0.835,0,0,0,0.72,1,0.15,1,0.785,0,1,0.685,0,0.985,1,0,0,0.975,0.975,0.025,1,1,0.995,1,1,0.84,0.975,0.175,1,0,0.79,0,0.47,0.885,0.17,1,0.975,1,0.72,0.96,0,0.975,0,1,1,1,0.01,1,0,0.89,1,1,1,1,1,0,0,0.66,0.57,1,1,0,1,0.58,0,0,0.06,0.75,0,1,0.545,0.985,0.265,0.405,0,0.115,0,0.01,0.475,0,0.315,0,0,0.015,1,1,0.625
AID181,0,0.05,1,1,0.895,0.89,0,1,1,1,0.43,1,0.13,1,0,0.145,1,0,0.545,0.365,1,0.14,1,0,1,1,0,1,0,1,1,0,1,0,0,1,1,1,0,0.005,1,0,1,1,0.05,1,0,0.145,0.555,1,1,1,1,0.94,1,0.155,1,1,1,0,0,1,1,1,0.005,0.39,0,1,0.935,1,1,1,0,1,0.6,1,1,0,1,0.02,0,1,0.62,1,1,0,0.84,0,0,0,1,0,1,1,1,1,1,0,0,0,1,1,0.87,1,1,0,1,1,0,1,1,0,0,1,1,0.29,1,1,1,1,1,1,1,0.54,1,0,1,0.015,1,1,0.57,1,1,1,0.995,1,0.135,1,0,1,1,1,0.26,1,0,1,1,1,1,1,1,0,0,1,1,1,1,0,1,0.99,0,0,0.57,1,0,1,1,1,0.92,0.96,0,0.83,0.99,0,0.98,0,0.815,0,0.08,0.3,1,1,1
AID182,0,0,0.89,1,0.275,0.07,0,0.875,1,1,0.015,1,0.015,0.905,0,0.01,0.8,0,0.01,0.045,1,0.005,1,0,1,1,0,1,0,0.985,0.95,0,1,0,0,0.985,0.885,1,0,0,1,0,0.995,0.515,0,0.975,0,0,0.09,1,0.76,0.98,0.975,0.195,1,0.005,1,1,0.935,0,0,1,1,0.99,0,0.12,0,1,0.19,0.88,0.995,1,0,1,0.03,1,0.985,0,1,0,0,1,0.195,1,0.99,0,0.125,0,0,0,1,0,0.98,0.755,1,0.305,0.9,0,0,0,0.76,1,0.175,1,0.815,0,1,0.77,0,0.99,1,0,0,1,0.99,0.025,0.995,1,1,1,1,0.875,0.99,0.15,1,0,0.9,0,0.535,0.94,0.225,1,1,1,0.78,0.97,0,0.995,0,1,1,1,0.005,1,0,0.955,1,1,1,1,1,0,0,0.75,0.625,1,1,0,1,0.695,0,0,0.06,0.855,0,1,0.62,1,0.215,0.38,0,0.14,0.525,0.02,0,0,0.295,0,0.01,0.015,1,1,0.645
AID183,1,0.995,1,1,1,1,0.495,1,1,1,1,1,0.995,1,0,0.995,1,0.87,1,0.995,1,0.955,1,0.915,1,1,0,1,0,1,1,0.62,1,0.045,0.4,1,1,1,0.515,0.945,1,0.16,1,1,1,1,0,0.98,1,1,1,1,1,1,1,1,1,1,1,0.665,0.705,1,1,1,0.945,1,0,1,1,1,1,1,0.05,1,1,1,1,0.855,1,1,0.96,1,1,1,1,0,1,0.395,0,0,1,0.16,1,1,1,1,1,0.265,0,0.94,1,1,1,1,1,0.265,1,1,0.495,1,1,0.755,0.015,1,1,0.995,1,1,1,1,1,1,1,0.99,1,0,1,0.98,1,1,0.975,1,1,1,1,1,1,1,0,1,1,1,1,1,0,1,1,1,1,1,1,0.735,0.99,1,1,1,1,0.55,1,1,0,0,1,1,0.995,1,1,1,1,1,0.97,1,1,1,1,0,1,0.12,1,1,1,1,1
AID184,0.01,0.035,0.94,1,0.5,0.32,0,0.925,1,1,0.175,1,0.09,0.94,0,0.06,0.885,0.005,0.195,0.19,1,0.05,1,0,1,1,0,1,0,0.985,0.955,0,1,0,0,0.975,0.94,1,0,0.01,1,0,0.99,0.73,0.095,0.985,0,0.08,0.315,1,0.885,0.975,1,0.455,1,0.085,1,1,0.95,0,0,1,0.99,0.985,0.025,0.225,0,0.995,0.49,0.93,0.99,1,0,1,0.225,1,0.975,0,1,0.02,0.01,1,0.37,1,0.98,0,0.41,0,0,0,0.99,0,0.97,0.89,1,0.665,0.925,0,0,0,0.845,1,0.43,1,0.87,0,1,0.9,0,0.995,1,0,0,1,0.995,0.14,1,1,0.995,1,1,0.935,0.99,0.3,1,0,0.935,0.015,0.76,0.95,0.35,1,0.99,1,0.89,0.985,0.075,0.99,0,1,1,1,0.125,1,0,0.955,1,1,1,0.995,0.995,0,0.005,0.865,0.795,1,1,0,1,0.795,0,0,0.29,0.9,0.01,1,0.795,0.995,0.5,0.59,0.01,0.395,0.685,0.185,0.705,0,0,0,0.085,0.12,1,0.995,0.83
AID185,1,1,1,1,1,1,0.94,1,1,1,1,1,1,1,0,1,1,1,1,1,1,1,1,1,1,1,0,1,0,1,1,0.965,1,0.33,0.775,1,1,1,0.785,1,1,0.63,1,1,1,1,0,1,1,1,1,1,1,1,1,1,1,1,1,0.96,0.985,1,1,1,1,1,0.015,1,1,1,1,1,0.235,1,1,1,1,0.995,1,1,1,1,1,1,1,0.005,1,0.855,0,0,1,0.57,1,1,1,1,1,0.86,0.015,1,1,1,1,1,1,0.84,1,1,0.845,1,1,0.99,0.035,1,1,1,1,1,1,1,1,1,1,1,1,0,1,1,1,1,1,1,1,1,1,1,1,1,0,1,1,1,1,1,0.005,1,1,1,1,1,1,0.945,1,1,1,1,1,0.99,1,1,0,0.01,1,1,1,1,1,1,1,1,1,1,1,1,1,0.88,1,0,1,1,1,1,1
AID186,0.08,0.285,1,1,0.99,1,0,1,1,1,0.75,1,0.35,1,0,0.315,1,0.005,0.885,0.59,1,0.265,1,0,1,1,0,1,0,1,1,0,1,0,0,1,1,1,0.015,0.055,1,0,1,1,0.64,1,0,0.38,0.845,1,1,1,1,0.99,1,0.535,1,1,1,0,0.02,1,1,1,0.065,0.705,0,1,1,1,1,1,0,1,0.875,1,1,0.015,1,0.275,0.005,1,0.785,1,1,0,0.975,0,0,0,1,0,1,1,1,1,1,0,0,0,1,1,0.99,1,1,0,1,1,0,1,1,0,0,1,1,0.515,1,1,1,1,1,1,1,0.69,1,0,1,0.145,1,1,0.705,1,1,1,1,1,0.44,1,0,1,1,1,0.715,1,0,1,1,1,1,1,1,0,0,1,1,1,1,0,1,1,0,0,0.795,1,0.035,1,1,1,0.985,1,0.005,0.96,1,0.92,0.99,0,0.915,0,0,0.66,1,1,1
AID187,0.07,0.18,1,1,0.89,0.925,0,1,1,1,0.575,1,0.29,1,0,0.23,1,0.005,0.75,0.475,1,0.175,1,0.005,1,1,0,1,0,1,1,0,1,0,0,1,1,1,0.005,0.03,1,0,1,0.995,0.375,1,0,0.29,0.67,1,1,1,1,0.95,1,0.395,1,1,1,0,0.015,1,1,1,0.08,0.55,0,1,0.965,1,1,1,0,1,0.725,1,1,0,1,0.18,0.025,1,0.695,1,1,0,0.905,0,0,0,1,0,1,1,1,0.995,1,0,0,0.005,1,1,0.93,1,1,0,1,1,0,1,1,0,0,1,1,0.4,1,1,1,1,1,1,1,0.615,1,0,1,0.08,1,1,0.595,1,1,1,1,1,0.35,1,0,1,1,1,0.505,1,0,1,1,1,1,1,1,0,0.01,1,1,1,1,0,1,0.99,0,0,0.63,1,0.02,1,1,1,0.955,0.95,0.005,0.895,0.985,0.7,0.985,0,0.88,0,0.34,0,1,1,1
AID188,0,0,0,0,0,0,0,0,0.655,0,0,0,0,0,0,0,0,0,0,0,1,0,0.685,0,0.005,0.21,0,0.17,0,0,0,0,0.59,0,0,0,0,0.825,0,0,0.935,0,0,0,0,0,0,0,0,0.145,0,0.005,0,0,0.01,0,0.32,0.755,0,0,0,0.44,0,0,0,0,0,0.005,0,0,0,0.4,0,1,0,0.005,0,0,1,0,0,1,0,0.24,0,0,0,0,0,0,0,0,0,0,0,0,0,0,0,0,0,1,0,1,0,0,0.03,0,0,0,0.755,0,0,0,0,0,0.135,0.32,0,0.005,0.05,0,0,0,1,0,0,0,0,0,0,0.015,0,0.09,0,0,0,0,0,0,0,0.06,0,1,0,0,0.155,0.08,1,0,0,0,0,0,0,1,0.01,0,0.435,0,0,0,0,0,0,0.005,0,0,0,0,0,0,0,0,0,0,0,0,0,0,0,0,0
AID189,0,0,0.025,0.6,0,0,0,0.01,1,0.69,0,0.32,0,0.005,0,0,0.01,0,0,0,1,0,1,0,0.605,0.98,0,0.99,0,0.255,0.095,0,1,0,0,0.005,0.01,1,0,0,1,0,0.135,0,0,0.045,0,0,0,0.875,0,0.44,0.16,0,1,0,0.97,1,0.03,0,0,0.965,0.57,0.005,0,0,0,0.59,0,0.01,0.07,0.995,0,1,0,0.915,0.095,0,1,0,0,1,0,1,0.05,0,0,0,0,0,0.165,0,0.165,0,0.405,0,0.03,0,0,0,0,1,0,1,0,0,0.92,0,0,0.25,1,0,0,0.145,0.405,0,0.705,0.995,0.24,0.81,1,0.005,0.14,0,1,0,0,0,0,0.025,0,0.965,0.19,0.98,0.005,0.065,0,0.065,0,0.905,0.465,1,0,1,0,0.055,1,0.805,1,0.52,0.635,0,0,0,0,1,0.785,0,1,0,0,0,0,0.005,0,0.985,0,0.17,0,0,0,0,0,0,0,0,0.005,0,0,0,1,0,0
AID190,0,0,0.855,1,0.07,0,0,0.845,1,1,0,1,0,0.875,0,0,0.685,0,0,0.005,1,0,1,0,1,1,0,1,0,0.99,0.95,0,1,0,0,0.995,0.865,1,0,0,1,0,0.995,0.265,0,0.99,0,0,0.03,1,0.67,0.96,0.935,0.025,1,0,1,1,0.91,0,0,1,1,1,0,0.025,0,1,0.04,0.82,0.995,1,0,1,0.005,1,0.965,0,1,0,0,1,0.13,1,0.99,0,0.04,0,0,0,1,0,0.99,0.675,1,0.12,0.9,0,0,0,0.685,1,0.02,1,0.74,0,1,0.655,0,1,1,0,0,1,0.995,0.005,1,1,1,1,1,0.84,0.985,0.08,1,0,0.855,0,0.38,0.945,0.125,1,1,1,0.665,0.99,0,1,0,1,1,1,0,1,0,0.93,1,1,1,1,1,0,0,0.6,0.39,1,1,0,1,0.55,0,0,0.02,0.73,0,1,0.5,1,0.07,0.24,0,0.02,0.375,0,0.355,0,0.17,0,0,0,1,1,0
